,city_location,average_altitude,average_temp,city_name,country_id,city_id
0,"(56.168393, 10.137373)",,,Aarhus,24,1
1,"(56.168393, 10.137373)",,,Aarhus Kommune,24,2
2,"(31.323126, 34.344025)",78.0,25.0,Abasan Al-Kabira,77,3
3,POINT (-4.0083 5.36),,,Abidjan,21,4
4,"(40.12408, -75.119511)",86.0,13.6,Abington ,84,5
5,"(40.12408, -75.119511)",86.0,13.6,Abington Township,84,6
6,POINT (-0.16819 5.56543),,,Accra,34,7
7,"(9.028874, 38.754366)",2650.0,,Addis Ababa,29,8
8,"(9.028874, 38.754366)",2650.0,,Addis Ababa City Administration,29,9
9,"(-34.928499, 138.600746)",38.0,18.0,Adelaide,3,10
10,,,,Ahmedabad,40,11
11,"(43.850855, -79.020373)",90.0,7.8,"Ajax, ON",11,12
12,"(65.688492, -18.126169)",,,Akureyri,39,13
13,"(46.082337, 23.569027)",,,Alba-Iulia,68,14
14,"(42.6526, -73.7562)",9.0,9.0,Albany,84,15
15,"(10.4696404, -66.8037185)",950.0,25.0,Alcaldía Metropolitana de Caracas,92,16
16,,,,Alexandria,90,17
17,,,,Allentown,90,18
18,,,,Amarante,66,19
19,,,,Amiens Métropole,31,20
20,POINT (35.9284 31.9454),,,Amman,46,21
21,"(31.945367, 35.928372)",900.0,17.0,Amman ,46,22
22,"(52.370216, 4.895168)",2.0,10.9,Amsterdam,59,23
23,"(42.2808, -83.743)",256.0,10.0,Ann Arbor,84,24
24,,,,Ansan ,75,25
25,,,,Ansan-si,67,26
26,POINT (47.5237 -18.905),,,Antananarivo,50,27
27,POINT (-69.14 1.22),,,Apuí,7,28
28,"(58.461757, 8.77245)",,,Arendal,62,29
29,POINT (-75.329 -11.0557),,,Arequipa,63,30
30,POINT (-76.0026 37.2265),,,Arlington,90,31
31,"(37.226486, -76.002594)",83.0,14.5,"Arlington, VA",84,32
32,POINT (-82.5515 35.5951),,,Asheville,90,33
33,POINT (-106.837 39.195),,,Aspen,90,34
34,"(39.195, -106.837)",2405.0,6.0,Aspen and Pitkin County,84,35
35,"(37.98381, 23.727539)",208.0,17.5,Athens,36,36
36,"(33.7489954, -84.3879824)",272.0,16.9,Atlanta,84,37
37,POINT (174.742 -36.8153),,,Auckland,60,38
38,"(-36.815328, 174.741788)",79.0,15.3,Auckland ,60,39
39,"(-36.815328, 174.741788)",79.0,15.3,Auckland Council,60,40
40,,,,"Aurora, CO",84,41
41,"(30.2672, -97.7431)",149.0,20.0,Austin,84,42
42,"(40.1076253, -3.3875673)",655.0,15.0,Ayuntamiento de Madrid,76,43
43,"(22.173333, -100.97005)",1998.0,21.0,Ayuntamiento de San Luis Potosí,53,44
44,"(39.2903848, -76.6121893)",240.0,14.7,Baltimore,84,45
45,POINT (77.5946 12.9716),,,Bangalore,40,46
46,POINT (100.556 13.7712),,,Bangkok,81,47
47,"(13.787506, 100.710632)",,,Bangkok ,81,48
48,"(41.382271, 2.177506)",13.0,18.0,Barcelona,76,49
49,"(38.660815, -9.079072)",20.0,16.0,Barreiro,66,50
50,,,,Barueri,7,51
51,POINT (7.5928 47.5619),,,Basel,79,52
52,"(47.5619, 7.5928)",260.0,12.0,Basel-Stadt,79,53
53,"(13.7565, 121.0583)",10.0,26.0,Batangas,64,54
54,"(13.756465, 121.058308)",10.0,25.0,Batangas City,64,55
55,POINT (-122.797 45.4857),,,Beaverton,90,56
56,POINT (-69 44.42),,,Belfast,90,57
57,"(48.7519, -122.4787)",,,"Bellingham, WA",84,58
58,"(-19.916681, -43.934493)",900.0,21.0,Belo Horizonte,7,59
59,POINT (-84.1503 10.0035),,,Belén,17,60
60,"(38.049365, -122.1585777)",26.0,21.0,Benicia,84,61
61,,,,Berkeley,90,62
62,POINT (13.405 52.52),,,Berlin,33,63
63,"(-19.967308, -44.20119)",860.0,20.0,Betim,7,64
64,,,,Birmingham,87,65
65,"(52.480174, -1.902907)",140.0,9.2,Birmingham City Council,87,66
66,,,,Blackpool,88,67
67,"(37.2296, -80.4139)",633.0,10.8,Blacksburg,84,68
68,POINT (-86.5264 39.1653),,,Bloomington,90,69
69,POINT (-60.6779 2.83067),,,Boa Vista,7,70
70,POINT (106.806 -6.5971),,,Bogor,41,71
71,"(-6.5971, 106.806)",260.0,32.1,Bogor ,41,72
72,"(-6.597147, 106.806039)",260.0,32.1,Bogor City Government,41,73
73,POINT (-74.0721 4.711),,,Bogotá,15,74
74,"(4.711, -74.0721)",2641.0,14.0,Bogotá ,15,75
75,"(4.598056, -74.075833)",2650.0,15.0,Bogotá Distrito Capital,15,76
76,,,,Boise,90,77
77,,,,Bologna,44,78
78,"(46.499681, 11.356576)",,,Bolzano,44,79
79,"(35.2141598, 33.2947541)",,,Bornova ,83,80
80,"(35.2141598, 33.2947541)",,,Bornova Municipality,83,81
81,"(42.3584308, -71.0597732)",2.0,10.0,Boston,84,82
82,"(40.0274, -105.2519)",1655.0,10.9,Boulder,84,83
83,POINT (-105.5 40.15),,,Boulder County,90,84
84,"(50.719164, -1.880769)",22.0,14.0,Bournemouth,87,85
85,POINT (-80.216 26.4986),,,Boynton Beach,90,86
86,"(41.533751, -8.438218)",,,Braga,66,87
87,"(-15.794229, -47.882166)",1172.0,21.0,Brasília,7,88
88,POINT (106.038 39.4817),,,Breckenridge,90,89
89,POINT (-64.5188 44.3786),,,Bridgewater,11,90
90,"(37.6808, -122.4)",,15.0,"Brisbane, CA",84,91
91,,,,Bristol,88,92
92,POINT (80.3659 26.1901),,,Broward,90,93
93,"(25.9017, -97.4975)",11.0,23.6,Brownsville,84,94
94,POINT (4.34878 50.8505),,,Brussels,4,95
95,POINT (-73.1227 7.11034),,,Bucaramanga,15,96
96,"(-34.6037232, -58.3815931)",25.0,18.0,Buenos Aires,2,97
97,POINT (27.6431 32.9318),,,Buffalo,74,98
98,POINT (29.3599 -3.36137),,,Bujumbura,9,99
99,"(44.4758825, -73.212072)",61.0,7.7,Burlington,84,100
100,,,,Busan-si,67,101
101,"(-28.6534, 153.5334)",,23.7,Byron Shire,3,102
102,"(59.920545, 10.593765)",15.0,5.7,Bærum,62,103
103,"(14.5865, 121.1149)",,,Cainta,64,104
104,"(51.048615, -114.070846)",1084.0,4.1,Calgary,11,105
105,"(45.601, -93.327333)",12.0,52.0,Cambridge,84,106
106,POINT (-71.1057 42.3674),,,"Cambridge, MA",90,107
107,POINT (-47.0616 -22.9064),,,Campinas,7,108
108,,,,Can Tho City,93,109
109,"(-35.3075, 149.1244)",578.0,13.5,Canberra,3,110
110,POINT (-51.1862 -29.9133),,,Canoas,7,111
111,"(-33.9253, 18.4239)",,16.6,Cape Town,74,112
112,"(10.4696404, -66.8037185)",950.0,25.0,Caracas,92,113
113,"(51.481581, -3.17909)",65.0,9.7,Cardiff,87,114
114,POINT (-75.5264 10.4199),,,Cartagena,15,115
115,"(38.6970565, -9.4222945)",,17.0,Cascais,66,116
116,POINT (126.949 35.1542),,,Changwon,67,117
117,"(35.154167, 126.949167)",,,Changwon ,75,118
118,POINT (-103.191 20.2962),,,Chapala,53,119
119,POINT (-79.0558 35.9132),,,Chapel Hill,90,120
120,"(35.2271, -80.8431)",,,Charlotte,84,121
121,POINT (-78.4767 38.0293),,,Charlottesville,90,122
122,"(38.0293, -78.4767)",181.0,13.9,"Charlottesville, VA",84,123
123,POINT (-5.2636 35.1688),,,Chefchaouen,56,124
124,POINT (80.2425 13.0992),,,Chennai,40,125
125,"(41.8781136, -87.6297982)",181.0,9.4,Chicago,84,126
126,"(28.636857, -106.076272)",1437.0,17.0,Chihuahua,53,127
127,POINT (-117.084 32.64),,,Chula Vista,90,128
128,"(39.1031, -84.512)",168.0,13.0,Cincinnati,84,129
129,"(14.559004, 121.081632)",,,City Government of Makati,64,130
130,"(-34.928499, 138.600746)",38.0,18.0,City of Adelaide,3,131
131,"(42.6526, -73.7562)",9.0,9.0,City of Albany,84,132
132,"(38.890604, -90.184276)",132.0,13.7,"City of Alton, IL",84,133
133,"(52.370216, 4.895168)",2.0,11.8,City of Amsterdam,59,134
134,"(37.226486, -76.002594)",83.0,14.5,"City of Arlington, VA",84,135
135,"(39.195, -106.837)",2405.0,6.0,City of Aspen and Pitkin County,84,136
136,"(37.98381, 23.727539)",208.0,17.5,City of Athens,36,137
137,"(33.7489954, -84.3879824)",272.0,16.9,City of Atlanta,84,138
138,"(30.2672, -97.7431)",149.0,20.0,City of Austin,84,139
139,"(39.2903848, -76.6121893)",240.0,14.7,City of Baltimore,84,140
140,"(38.049365, -122.1585777)",26.0,21.0,City of Benicia,84,141
141,"(42.3584308, -71.0597732)",2.0,10.0,City of Boston,84,142
142,"(40.0274, -105.2519)",1655.0,10.9,City of Boulder,84,143
143,"(50.719164, -1.880769)",22.0,14.0,City of Bournemouth,87,144
144,"(-15.794229, -47.882166)",1172.0,21.0,City of Brasília,7,145
145,"(37.6808, -122.4)",,,"City of Brisbane, CA",84,146
146,"(-34.6037232, -58.3815931)",25.0,18.0,City of Buenos Aires,2,147
147,"(44.4758825, -73.212072)",61.0,7.7,City of Burlington,84,148
148,"(51.048615, -114.070846)",1084.0,4.1,City of Calgary,11,149
149,"(-33.9253, 18.4239)",,16.6,City of Cape Town,74,150
150,"(51.481581, -3.17909)",65.0,9.7,City of Cardiff,87,151
151,"(41.8781136, -87.6297982)",181.0,9.4,City of Chicago,84,152
152,"(41.49932, -81.6943605)",199.0,10.4,City of Cleveland,84,153
153,"(39.9611755, -82.9987942)",275.0,11.6,City of Columbus,84,154
154,"(55.6760968, 12.5683371)",9.0,8.0,City of Copenhagen,24,155
155,"(32.7801399, -96.8004511)",148.0,19.4,City of Dallas,84,156
156,"(38.544907, -121.740517)",15.0,23.0,"City of Davis, CA",84,157
157,"(39.737567, -104.9847179)",1609.0,10.1,City of Denver,84,158
158,"(42.331427, -83.0457538)",192.0,9.0,City of Detroit,84,159
159,"(-29.8586804, 31.0218404)",426.0,24.0,City of Durban,74,160
160,"(35.994, -78.8986)",,15.0,City of Durham,84,161
161,"(53.544389, -113.4909267)",671.0,3.6,City of Edmonton,11,162
162,"(37.831316, -122.285247)",7.0,15.1,"City of Emeryville, CA",84,163
163,"(44.0519, -123.0867)",130.0,11.2,City of Eugene,84,164
164,"(35.1992, -111.6311)",2134.0,6.5,City of Flagstaff,84,165
165,"(-16.6868912, -49.2647943)",749.0,23.2,City of Goiânia,7,166
166,"(43.250021, -79.866091)",75.0,8.2,City of Hamilton,11,167
167,"(37.6689, -122.0808)",32.0,11.8,City of Hayward,84,168
168,"(60.1733244, 24.9410248)",,5.9,City of Helsinki,30,169
169,"(33.8622, -118.3995)",8.0,18.0,"City of Hermosa Beach, CA",84,170
170,"(34.385203, 132.455293)",,16.6,City of Hiroshima,45,171
171,"(29.7601927, -95.3693896)",13.0,21.0,City of Houston,84,172
172,"(39.767625, -86.178469)",230.0,11.7,City of Indianapolis,84,173
173,"(41.6611, -91.5302)",203.0,10.5,City of Iowa City,84,174
174,"(-26.2041028, 28.0473051)",1645.0,20.0,City of Johannesburg,74,175
175,"(35.9606, -83.9207)",269.0,15.2,City of Knoxville,84,176
176,"(6.524379, 3.379206)",34.0,30.0,City of Lagos,61,177
177,"(60.9833, 25.65)",119.0,4.0,City of Lahti,30,178
178,"(42.258634, -87.840625)",205.0,8.8,"City of Lake Forest, IL",84,179
179,"(39.7047, -105.0814)",1638.0,10.8,City of Lakewood,84,180
180,"(40.037875, -76.305514)",112.0,11.5,"City of Lancaster, PA",84,181
181,"(36.1699412, -115.1398296)",664.0,21.0,City of Las Vegas,84,182
182,"(52.6333, -1.1333)",60.0,9.9,City of Leicester,87,183
183,"(38.7222524, -9.1393366)",50.0,17.3,City of Lisbon,66,184
184,"(46.056947, 14.505751)",,,City of Ljubljana,73,185
185,"(42.9837, -81.2497)",251.0,7.9,"City of London, ON",11,186
186,"(34.0522342, -118.2436849)",95.0,18.0,City of Los Angeles,84,187
187,"(-37.814107, 144.96328)",31.0,15.0,City of Melbourne,3,188
188,"(44.983334, -93.26667)",264.0,7.9,City of Minneapolis,84,189
189,"(35.181446, 136.906398)",,16.1,City of Nagoya,45,190
190,"(29.9511, -90.0715)",-1.0,20.9,City of New Orleans,84,191
191,"(49.32699, -123.07328)",90.0,11.0,City of North Vancouver,11,192
192,"(37.8044, -122.2708)",13.0,15.1,City of Oakland,84,193
193,"(34.655146, 133.919502)",55.0,16.1,City of Okayama,45,194
194,"(59.9138688, 10.7522454)",94.0,5.7,City of Oslo,62,195
195,"(37.4419, -122.143)",7.0,15.0,City of Palo Alto,84,196
196,"(48.856614, 2.3522219)",26.0,13.6,City of Paris,31,197
197,"(44.309058, -78.319747)",195.0,12.1,City of Peterborough,11,198
198,"(39.952335, -75.163789)",12.0,13.3,City of Philadelphia,84,199
199,"(37.8244, -122.2316)",101.0,15.0,"City of Piedmont, CA",84,200
200,"(40.4406248, -79.9958864)",293.0,11.1,City of Pittsburgh,84,201
201,"(45.52, -122.6819)",77.0,12.5,"City of Portland, OR",84,202
202,"(41.1579438, -8.6291053)",83.0,15.2,City of Porto,66,203
203,"(39.5296, -119.8138)",1373.0,10.4,City of Reno,84,204
204,"(64.12652, -21.81744)",40.0,6.0,City of Reykjavík,39,205
205,"(37.540725, -77.436048)",49.0,15.0,"City of Richmond, VA",84,206
206,"(37.271, -79.9414)",400.0,14.0,City of Roanoke,84,207
207,"(-12.97304, -38.502304)",8.0,26.0,City of Salvador,7,208
208,"(29.4241, -98.4936)",787.0,27.0,City of San Antonio,84,209
209,"(32.718146, -117.1701)",129.0,17.6,City of San Diego,84,210
210,"(37.7749295, -122.4194155)",142.0,10.4,City of San Francisco,84,211
211,"(34.0219, -118.4814)",320.0,20.0,City of Santa Monica,84,212
212,"(32.0835, -81.0998)",15.0,19.0,City of Savannah,84,213
213,"(47.6062095, -122.3320708)",15.0,11.0,City of Seattle,84,214
214,"(42.393449, -71.082647)",4.0,,"City of Somerville, MA",84,215
215,"(38.6270025, -90.1994042)",142.0,13.9,City of St Louis,84,216
216,"(59.3293235, 18.0685808)",50.0,7.0,City of Stockholm,78,217
217,"(-33.8674869, 151.2069902)",39.0,20.0,City of Sydney,3,218
218,"(43.653226, -79.3831843)",77.0,8.0,City of Toronto,11,219
219,"(32.2217, -110.9265)",743.0,21.6,City of Tucson,84,220
220,"(60.4518126, 22.2666303)",10.0,5.5,City of Turku,30,221
221,"(49.261226, -123.1139268)",45.0,11.0,City of Vancouver,11,222
222,"(52.2296756, 21.0122287)",103.0,8.0,City of Warsaw,65,223
223,"(34.09, -118.3617)",90.0,19.0,City of West Hollywood,84,224
224,"(42.314937, -83.036363)",190.0,10.7,City of Windsor,11,225
225,"(49.8997541, -97.1374937)",230.0,2.4,City of Winnipeg,11,226
226,,,,City of Wroclaw,65,227
227,"(35.4437078, 139.6380256)",39.0,16.0,City of Yokohama,45,228
228,"(40.9414, -73.8644)",25.0,10.8,City of Yonkers,84,229
229,"(41.608629, -0.887012)",208.0,16.3,City of Zaragoza,76,230
230,"(54.891456, 10.404684)",10.0,10.0,City of Ærøskøbing,24,231
231,POINT (-97.8362 22.2723),,,Ciudad Madero,53,232
232,"(41.4993, -81.6944)",199.0,10.4,Cleveland,84,233
233,POINT (-70.684 -33.2043),,,Colina,12,234
234,"(38.951705, -92.334072)",231.0,12.6,"Columbia, MO",84,235
235,"(34.0007, -81.0348)",292.0,32.0,"Columbia, SC",84,236
236,"(39.9611755, -82.9987942)",275.0,11.6,Columbus,84,237
237,POINT (-77.0667 -11.95),,,Comas,63,238
238,"(48.692054, 6.184417)",212.0,10.5,Communauté urbaine du Grand Nancy,31,239
239,"(44.4856087, 11.3547975)",29.0,15.0,Comune di Bologna,44,240
240,"(44.8357395, 11.6189949)",9.0,15.5,Comune di Ferrara,44,241
241,"(44.347961, 9.318415)",19.0,15.0,Comune di Genova,44,242
242,"(45.802578, 9.086356)",122.0,15.5,Comune di Milano,44,243
243,"(45.0519969, 9.6926451)",61.0,11.8,Comune di Piacenza,44,244
244,"(41.913028, 12.518037)",4.0,14.1,Comune di Ravenna,44,245
245,"(45.1006374, 7.6680046)",239.0,15.0,Comune di Torino,44,246
246,"(46.0667, 13.2333)",113.0,13.0,Comune di Udine,44,247
247,"(45.4332515, 12.3210704)",3.0,13.0,Comune di Venezia,44,248
248,"(55.6760968, 12.5683371)",9.0,8.0,Copenhagen,24,249
249,POINT (-1.51217 52.4066),,,Coventry,88,250
250,"(-2.908411, -79.004837)",,,Cuenca,26,251
251,"(-15.881977, -52.266326)",,,Cuiabá,7,252
252,"(37.322998, -122.032182)",112.0,16.1,Cupertino,84,253
253,"(-25.431063, -49.264693)",935.0,18.0,Curitiba,7,254
254,"(-31.4201, -64.1888)",390.0,17.7,Córdoba,2,255
255,,,,Daegu-si,67,256
256,POINT (-17.366 14.7645),,,Dakar,70,257
257,POINT (-96.8004 32.7801),,,Dallas,90,258
258,,,,Dangjin-si,67,259
259,POINT (39.2083 -6.79235),,,Dar es Salaam,89,260
260,POINT (125.625 7.07475),,,Davao,64,261
261,"(38.544907, -121.740517)",15.0,23.0,"Davis, CA",84,262
262,"(28.704059, 77.10249)",,,Delhi,40,263
263,"(33.214841, -97.133068)",192.0,18.2,"Denton, TX",84,264
264,"(39.737567, -104.9847179)",1609.0,10.1,Denver,84,265
265,,,,Derry,88,266
266,"(42.331427, -83.0457538)",192.0,9.0,Detroit,84,267
267,"(38.9071923, -77.0368707)",,14.7,District of Columbia,84,268
268,"(-0.2333, -78.5167)",2815.0,22.0,Distrito Metropolitano de Quito,26,269
269,POINT (55.2708 25.2048),,,Dubai,86,270
270,"(53.344479, -6.270843)",,,Dublin,42,271
271,"(53.344479, -6.270843)",85.0,10.0,Dublin City Council,42,272
272,POINT (-90.5071 42.5006),,,Dubuque,90,273
273,,,,Duluth,90,274
274,,,,Dundee,88,275
275,"(-29.8586804, 31.0218404)",426.0,24.0,Durban,74,276
276,"(35.994, -78.8986)",,15.0,Durham,84,277
277,POINT (-75.2207 40.6884),,,Easton,90,278
278,"(40.6884, -75.2207)",64.0,10.0,"Easton, PA",84,279
279,,,,Eau Claire,90,280
280,,,,Edinburgh,88,281
281,"(53.544389, -113.4909267)",671.0,3.6,Edmonton,11,282
282,"(55.795045, 12.238733)",29.0,8.0,Egedal,24,283
283,,,,Egedal Municipality,24,284
284,POINT (28.3462 -26.1777),,,Ekurhuleni,74,285
285,"(56.0308, 12.5921)",8.0,8.5,Elsinore,24,286
286,,,,Elva,27,287
287,"(37.831316, -122.285247)",7.0,15.1,"Emeryville, CA",84,288
288,"(60.205491, 24.6559)",26.0,7.3,Espoo,30,289
289,"(-22.808027, -45.19422)",540.0,24.0,Estância Turística de Guaratinguetá,7,290
290,"(44.0519, -123.0867)",130.0,11.2,Eugene,84,291
291,POINT (-87.6898 42.0669),,,Evanston,90,292
292,"(-22.840262, -46.328)",973.0,17.7,Extrema,7,293
293,"(41.4508217, -8.1728619)",350.0,14.0,Fafe,66,294
294,"(37.019355, -7.93044)",200.0,17.8,Faro,66,295
295,POINT (-94.1719 36.0821),,,Fayetteville,90,296
296,"(36.082156, -94.171854)",1270.0,14.5,"Fayetteville, AR",84,297
297,"(44.8357395, 11.6189949)",,,Ferrara,44,298
298,POINT (-8.8576 40.1521),,,Figueira da Foz,66,299
299,"(43.7696, 11.2558)",50.0,15.2,Firenze,44,300
300,"(35.1992, -111.6311)",2134.0,6.5,Flagstaff,84,301
301,"(-27.5949884, -48.5481743)",3.0,20.0,Florianópolis,7,302
302,"(40.5853, 105.0844)",1525.0,10.0,Fort Collins,84,303
303,,,,Fort Lauderdale,90,304
304,POINT (-48.3936 -10.7183),,,Fortaleza,7,305
305,"(55.9747, 12.4058)",,,Fredensborg,24,306
306,"(57.442711, 10.521006)",,,Frederikshavn,24,307
307,,,,Frederikshavn Kommune,24,308
308,"(53.5510846, 9.9936818)",6.0,8.8,Free and Hanseatic City of Hamburg,33,309
309,POINT (-13.2317 8.4657),,,Freetown,71,310
310,POINT (-121.989 37.5483),,,Fremont,90,311
311,,,,Fukuoka,45,312
312,,,,Funchal,66,313
313,,,,Gaziantep,83,314
314,"(54.352, 18.6466)",,,Gdańsk,65,315
315,"(54.51889, 18.530541)",,,Gdynia,65,316
316,"(51.9163716, 4.4509382)",-5.0,11.0,Gemeente Rotterdam,59,317
317,"(44.347961, 9.318415)",19.0,15.0,Genova,44,318
318,"(36.1407734, -5.3535994)",,18.0,Gibraltar,35,319
319,"(55.733461, 12.488686)",31.0,9.4,Gladsaxe,24,320
320,"(55.733461, 12.488686)",,,Gladsaxe Kommune,24,321
321,"(55.859272, -4.212783)",,,Glasgow,87,322
322,"(-16.6868912, -49.2647943)",749.0,23.2,Goiânia,7,323
323,,,,Gondar,29,324
324,"(22.2880809, 114.1398015)",129.0,23.3,Government of Hong Kong Special Administrative Region,38,325
325,,,,Goyang-si,67,326
326,,,,Grand Rapids,90,327
327,"(31.945367, 35.928372)",900.0,17.0,Greater Amman Municipality,46,328
328,"(51.504858, -0.078689)",35.0,11.0,Greater London Authority,87,329
329,"(53.4575955, -2.1578377)",250.0,9.5,Greater Manchester,87,330
330,"(36.072635, -79.791975)",272.0,15.0,Greensboro,84,331
331,"(53.232386, 6.551335)",3.0,9.0,Groningen,59,332
332,POINT (-103.35 20.6597),,,Guadalajara,53,333
333,POINT (-46.5338 -23.4542),,,Guarulhos,7,334
334,POINT (80.25 43.55),,,Guelph,11,335
335,"(41.444266, -8.292241)",348.0,15.0,Guimarães,66,336
336,,,,Gwangju-si,67,337
337,,,,Gwangmyeong-si,67,338
338,,,,Gwangyang ,75,339
339,POINT (11.9328 57.7004),,,Göteborg,78,340
340,POINT (-63.5714 44.6478),,,Halifax,11,341
341,"(53.5510846, 9.9936818)",6.0,8.8,Hamburg,33,342
342,"(43.250021, -79.866091)",75.0,8.2,Hamilton,11,343
343,POINT (105.815 21.0258),,,Hanoi,93,344
344,"(37.6689, -122.0808)",32.0,11.8,Hayward,84,345
345,"(49.398752, 8.672434)",114.0,13.2,Heidelberg,33,346
346,,,,Helsingborg,78,347
347,POINT (12.5921 56.0308),,,Helsingør,24,348
348,"(60.1733244, 24.9410248)",,5.9,Helsinki,30,349
349,,,,Henderson,90,350
350,,,,"Hermosa Beach, CA",84,351
351,POINT (-110.961 29.0892),,,Hermosillo,53,352
352,,,,Hiroshima,45,353
353,"(57.4568, 9.9958)",22.0,7.5,Hjørring,24,354
354,"(10.762622, 106.660172)",6.0,27.0,Ho Chi Minh,94,355
355,"(-42.890054, 147.281446)",9.0,12.0,Hobart,3,356
356,"(55.656328, 12.2898)",27.0,8.1,Hoeje-Taastrup,24,357
357,"(55.656328, 12.2898)",27.0,8.1,Hoeje-Taastrup Kommune,24,358
358,"(22.2880809, 114.1398015)",129.0,23.3,Hong Kong,38,359
359,,,,Hongcheon ,75,360
360,POINT (157.59 21.28),,,Honolulu,90,361
361,"(29.7601927, -95.3693896)",15.0,19.0,Houston,84,362
362,,,,Hove,88,363
363,,,,Hsinchu ,80,364
364,"(24.807345, 120.968248)",,,Hsinchu City,80,365
365,"(24.8269, 121.0129)",,,Hsinchu County,80,366
366,,,,Huddersfield,88,367
367,POINT (107.562 16.4498),,,Hue,93,368
368,POINT (174.908 -41.2092),,,Hutt City,60,369
369,"(55.642522, 12.475386)",10.0,7.7,Hvidovre,24,370
370,"(55.883514, 12.504924)",,,Hørsholm,24,371
371,,,,Hørsholm Kommune,24,372
372,"(7.377535, 3.94704)",230.0,31.0,Ibadan,61,373
373,"(4.448517, -75.239965)",1170.0,31.0,Ibagué,15,374
374,,,,Iida-shi,45,375
375,"(37.456256, 126.705206)",26.0,12.7,Incheon Metropolitan City,75,376
376,POINT (-68.8154 -32.8421),,,Independencia,12,377
377,"(39.767625, -86.178469)",230.0,11.7,Indianapolis,84,378
378,"(41.6611, -91.5302)",203.0,10.5,Iowa ,84,379
379,POINT (-91.5302 41.6611),,,Iowa City,90,380
380,POINT (100.992 1.45556),,,Iskandar,52,381
381,"(5.714476, 100.992084)",547.0,30.0,Iskandar ,52,382
382,POINT (28.9784 41.0082),,,Istanbul,83,383
383,"(41.0082, 28.9784)",100.0,13.7,Istanbul ,83,384
384,POINT (-104.367 19.7682),,,JIMAV,53,385
385,POINT (-104.783 20.517),,,JISOC,53,386
386,POINT (106.865 -6.1751),,,Jakarta,41,387
387,"(-6.1751, 106.865)",,29.0,Jakarta ,41,388
388,"(-6.2087634, 106.845599)",,29.0,Jakarta City Government,41,389
389,,,,Jeonju-si,67,390
390,"(-26.2041028, 28.0473051)",1645.0,20.0,Johannesburg,74,391
391,POINT (-34.8639 -7.16882),,,João Pessoa,7,392
392,POINT (-46.8978 -23.1857),,,Jundiaí,7,393
393,,,,Jönköping,78,394
394,"(38.3434574, 26.553613)",327.0,19.0,Kadiovacik,83,395
395,,,,Kampala,85,396
396,POINT (-94.573 39.1429),,,Kansas City,90,397
397,"(22.629705, 120.343804)",50.0,25.1,Kaohsiung,80,398
398,"(22.629705, 120.343804)",50.0,25.1,Kaohsiung City Government,80,399
399,POINT (27.1152 38.4596),,,Karsiyaka,83,400
400,,,,Kingston,11,401
401,POINT (34.7679 -0.0917),,,Kisumu,47,402
402,,,,Klaipeda,49,403
403,"(35.9606, -83.9207)",269.0,15.3,Knoxville,84,404
404,POINT (19.945 50.0647),,,Krakow,65,405
405,"(3.139003, 101.686855)",,,Kuala Lumpur,52,406
406,,,,Kyoto,45,407
407,POINT (-91.2476 43.8166),,,La Crosse,90,408
408,"(43.8014, -91.2396)",,,"La Crosse, WI",84,409
409,,,,La Paz,5,410
410,POINT (-83.9833 9.91667),,,La Unión,17,411
411,POINT (3.3792 6.52437),,,Lagos,61,412
412,POINT (13.03 56.51),,,Laholm,78,413
413,"(60.9833, 25.65)",90.0,4.4,Lahti,30,414
414,"(42.258634, -87.840625)",205.0,8.8,"Lake Forest, IL",84,415
415,"(39.7047, -105.0814)",1638.0,8.4,Lakewood,84,416
416,"(40.0379, -76.3055)",2000.0,16.7,Lancaster,84,417
417,"(40.037875, -76.305514)",112.0,11.5,"Lancaster, PA",84,418
418,"(52.08889, 11.586164)",56.0,9.7,Landeshauptstadt Magdeburg,33,419
419,,,,Lappeenranta,30,420
420,POINT (-115.14 36.1699),,,Las Vegas,90,421
421,,,,Lausanne,79,422
422,,,,Leeds,88,423
423,POINT (-1.1333 52.6333),,,Leicester,87,424
424,"(55.6013, 11.9645)",,,Lejre,24,425
425,POINT (-71.2269 42.4443),,,"Lexington, MA",90,426
426,"(21.122062, -101.683659)",1800.0,19.3,León de los Aldamas,53,427
427,POINT (33.7741 -13.9626),,,Lilongwe,51,428
428,"(-12.046374, -77.042793)",154.0,18.0,Lima,63,429
429,"(38.7222524, -9.1393366)",50.0,18.1,Lisbon,66,430
430,POINT (-92.2896 34.7465),,,Little Rock,90,431
431,"(46.056947, 14.505751)",,10.3,Ljubljana,73,432
432,POINT (-3.99313 -79.2042),,,Loja,26,433
433,POINT (-0.07868 51.5048),,,London,88,434
434,"(51.504858, -0.078689)",35.0,11.0,London ,87,435
435,"(42.9837, -81.2497)",251.0,7.9,"London, ON",11,436
436,"(33.7701, -118.1937)",,,Long Beach,84,437
437,"(37.3797, -122.1375)",89.0,14.3,Los Altos Hills,84,438
438,"(34.0522342, -118.2436849)",95.0,18.0,Los Angeles,84,439
439,POINT (10.6174 43.8399),,,Lucca,44,440
440,,,,Luleå,78,441
441,,,,Lund,78,442
442,"(40.1076253, -3.3875673)",655.0,15.0,Madrid,76,443
443,POINT (-9.32771 38.9385),,,Mafra,66,444
444,"(-12.091653, -77.06705)",,,Magdalena del Mar,63,445
445,"(52.1205, 11.6276)",56.0,9.7,Magdeburg,33,446
446,"(14.554729, 121.024445)",15.0,28.4,Makati,64,447
447,"(55.605, 13.0038)",,,Malmö,78,448
448,"(53.4575955, -2.1578377)",250.0,9.5,Manchester,87,449
449,POINT (-118.405 33.8889),,,Manhattan Beach,90,450
450,,,,Manizales,15,451
451,"(49.487459, 8.466039)",104.0,10.9,Mannheim,33,452
452,,,,Manta,26,453
453,,,,Maputo,57,454
454,,,,Mar del Plata,2,455
455,,,,Matosinhos,66,456
456,,,,Matsuyama-shi,45,457
457,,,,Mbabane,28,458
458,POINT (-75.5735 6.22729),,,Medellín,15,459
459,"(42.3265, -122.8756)",4.0,9.6,Medford,84,460
460,"(-37.814107, 144.96328)",31.0,16.2,Melbourne,3,461
461,POINT (-90.049 35.1495),,,Memphis,90,462
462,"(-32.889459, -68.845839)",,,Mendoza,2,463
463,,,,Mesa,90,464
464,"(36.1627, -86.7816)",182.0,15.1,Metropolitan Government of Nashville and Davidson County,84,465
465,"(-12.046374, -77.042793)",154.0,18.0,Metropolitan Municipality of Lima,63,466
466,"(19.4326077, -99.133208)",2240.0,16.0,Mexico City,53,467
467,"(25.7617, -80.1918)",,,Miami,84,468
468,POINT (-80.13 25.7906),,,Miami Beach,90,469
469,"_
(25.790654, -80.130045)",,23.9,"Miami Beach, FL",84,470
470,"(55.470958, 9.872643)",21.0,8.0,Middelfart,24,471
471,"(45.802578, 9.086356)",,,Milano,44,472
472,POINT (-87.9065 43.0389),,,Milwaukee,90,473
473,"(44.983334, -93.26667)",265.0,7.9,Minneapolis,84,474
474,POINT (-71.5366 -16.3994),,,Miraflores,63,475
475,POINT (43.589 -79.6441),,,Mississauga,11,476
476,"(41.30284, -8.65731)",,,Moita,66,477
477,"(43.737411, 7.420816)",,,Monaco,54,478
478,POINT (-58.2987 -34.7112),,,Montevideo,91,479
479,"(45.5086699, -73.5539925)",17.0,6.8,Montreal,11,480
480,POINT (-73.554 45.5087),,,Montréal,11,481
481,"(45.831487, 9.0371)",,,Monza,44,482
482,,,,Moreland,3,483
483,"(-11.717216, 43.247315)",19.0,23.0,Moroni,16,484
484,"(55.755826, 37.6173)",156.0,6.7,Moscow ,69,485
485,,,,Mumbai,40,486
486,"(-16.5, -68.15)",3200.0,13.0,Municipalidad de La Paz,5,487
487,"(-19.916681, -43.934493)",900.0,21.0,Municipality of Belo Horizonte,7,488
488,"(-25.431063, -49.264693)",935.0,18.0,Municipality of Curitiba,7,489
489,"(57.456779, 9.995764)",22.0,7.5,Municipality of Hjørring,24,490
490,"(-3.672722, -45.3831)",10.0,19.5,Municipality of Porto Alegre,7,491
491,"(-8.057838, -34.882897)",4.0,26.0,Municipality of Recife,7,492
492,"(41.30284, -8.65731)",10.0,17.5,Município de Moita,66,493
493,"(40.575302, -8.445822)",31.0,15.0,Município de Águeda,66,494
494,"(37.799013, -1.00495)",,,Murcia,76,495
495,"(20.96737, -89.592586)",8.0,25.9,Mérida,53,496
496,"(43.710173, 7.261953)",18.0,,Métropole Nice Côte d'Azur,31,497
497,,,,Münster,33,498
498,,,,Naga,64,499
499,,,,Nagoya,45,500
500,POINT (36.8219 -1.29206),,,Nairobi,47,501
501,POINT (36.08 -0.30309),,,Nakuru,47,502
502,"(48.692054, 6.184417)",212.0,10.5,Nancy,31,503
503,"(40.8419943, 14.2513831)",,,Napoli,44,504
504,POINT (-86.7816 36.1627),,,Nashville,90,505
505,"(36.1627, -86.7816)",182.0,15.1,Nashville and Davidson ,84,506
506,"(-33.745241, 25.568108)",69.0,17.5,Nelson Mandela Bay ,74,507
507,POINT (-70.9342 41.6362),,,New Bedford,90,508
508,"(29.9511, -90.0715)",-1.0,20.9,New Orleans,84,509
509,POINT (121.446 25.0111),,,New Taipei,25,510
510,"(25.0111, 121.4458)",,21.0,New Taipei ,80,511
511,"(25.0111, 121.4458)",10.0,21.0,New Taipei City Government,80,512
512,"(40.7127837, -74.0059413)",10.0,13.0,New York City,84,513
513,,,,Newcastle,3,514
514,,,,Newcastle upon Tyne,88,515
515,POINT (5.84282 51.8449),,,Nijmegen,59,516
516,"(-22.892857, -43.118381)",5.0,23.0,Niterói,7,517
517,"(49.32, -123.0724)",90.0,11.0,North Vancouver,11,518
518,"(42.304845, -72.614446)",,,"Northampton, MA",84,519
519,POINT (1.2974 52.6309),,,Norwich,88,520
520,,,,Nottingham,88,521
521,"(46.383268, 6.234785)",425.0,,Nyon,79,522
522,"(37.8044, -122.2708)",13.0,15.1,Oakland,84,523
523,,,,Odder Kommune,24,524
524,,,,Okayama,45,525
525,"(41.882316, 12.505936)",,,Olbia,44,526
526,,,,Omaha,90,527
527,"(39.720664, 8.898007)",,,Oristano,44,528
528,POINT (-81.3792 28.5383),,,Orlando,90,529
529,"(59.9138688, 10.7522454)",94.0,5.7,Oslo,62,530
530,"(45.42153, -75.697193)",70.0,6.0,Ottawa,11,531
531,,,,Oxford,88,532
532,"(45.4064, -11.8768)",,,Padova,44,533
533,"(-10.249091, -48.324286)",,,Palmas,7,534
534,"(37.4419, -122.143)",7.0,15.0,Palo Alto,84,535
535,POINT (-83.8656 9.83832),,,Paraíso,17,536
536,"(14.479309, 121.019823)",12.0,34.4,Parañaque,64,537
537,"(48.856614, 2.3522219)",26.0,13.5,Paris,31,538
538,POINT (-111.498 40.6461),,,Park City,90,539
539,"(40.6461, -111.498)",,,"Park City, UT",84,540
540,"(44.8015, 10.3279)",,,Parma,44,541
541,"(14.58691, 121.0614)",,,Pasig,64,542
542,POINT (-77.1641 1.12525),,,Pasto,15,543
543,POINT (40.5178 -12.9732),,,Pemba,57,544
544,POINT (-75.6906 4.80871),,,Pereira,15,545
545,,,,Perth,3,546
546,POINT (101.595 3.1279),,,Petaling Jaya,52,547
547,,,,Peterborough,11,548
548,POINT (-70.5302 -33.454),,,Peñalolén,12,549
549,"(39.952335, -75.163789)",12.0,13.3,Philadelphia,84,550
550,"(33.4484, -112.074)",340.0,22.0,Phoenix,84,551
551,"(45.0519969, 9.6926451)",,,Piacenza,44,552
552,POINT (-122.232 37.8244),,,Piedmont,90,553
553,"(37.8244, -122.2316)",101.0,15.0,"Piedmont, CA",84,554
554,POINT (30.3794 -29.6006),,,Pietermaritzburg,74,555
555,"(22.6558, 120.4703)",500.0,25.0,Pingtung ,80,556
556,"(22.551976, 120.54876)",750.0,25.0,Pingtung County Government,80,557
557,POINT (120.47 22.6558),,,Pingtung County,25,558
558,,,,Piracicaba,7,559
559,,,,Piraquara,7,560
560,"(40.4406248, -79.9958864)",293.0,11.1,Pittsburgh,84,561
561,,,,Piura,63,562
562,POINT (-87.0739 20.6295),,,Playa del Carmen,53,563
563,"(42.43042, 19.259364)",,,Podgorica,55,564
564,"(30.4475, -91.2073)",,,"Port Allen, LA",84,565
565,POINT (-70.2553 43.6615),,,Portland,90,566
566,"(43.6615, -70.2553)",6.0,13.0,"Portland, ME",84,567
567,"(45.52, -122.6819)",77.0,12.5,"Portland, OR",84,568
568,"(41.1579438, -8.6291053)",83.0,15.2,Porto,66,569
569,"(-20.333764, -40.377582)",,,Porto Velho,7,570
570,POINT (14.4378 50.0755),,,Prague,20,571
571,"(-27.5949884, -48.5481743)",3.0,20.0,Prefeitura de Florianópolis,7,572
572,"(-10.249091, -48.324286)",,,Prefeitura de Palmas,7,573
573,"(-23.4774899, -47.4220615)",601.0,20.8,Prefeitura de Sorocaba,7,574
574,"(-22.9054389, -43.5614471)",5.0,23.7,Prefeitura do Rio de Janeiro,7,575
575,"(-25.746111, 28.188056)",1339.0,17.0,Pretoria - Tshwane,74,576
576,POINT (-122.75 53.9171),,,Prince George,11,577
577,"(53.917064, -122.749669)",,,"Prince George, BC",11,578
578,"(41.824, -71.4128)",17.0,10.0,Providence,84,579
579,"(-33.431297, -70.609189)",,,Providencia,12,580
580,POINT (118.73 9.74069),,,Puerto Princesa,64,581
581,POINT (120.356 36.1105),,,Qingdao,13,582
582,,,,Quebec,11,583
583,POINT (36.9218 -17.8503),,,Quelimane,57,584
584,POINT (120.862 15.6835),,,Quezon City,64,585
585,"(-0.2333, -78.5167)",2815.0,22.0,Quito,26,586
586,,,,ROUEN Cedex,31,587
587,"(41.913028, 12.518037)",4.0,14.1,Ravenna,44,588
588,,,,Reading,88,589
589,"(-8.057838, -34.882897)",4.0,26.0,Recife,7,590
590,"(-33.44889, -70.669265)",520.0,14.0,Región Metropolitana de Santiago,12,591
591,,,,Reigate,88,592
592,"(39.5296, -119.8138)",1373.0,10.4,Reno,84,593
593,"(64.12652, -21.81744)",,,Reykjavík,39,594
594,,,,Richmond,3,595
595,"(37.9358, -122.3477)",,,"Richmond, CA",84,596
596,"(37.540725, -77.436048)",49.0,15.0,"Richmond, VA",84,597
597,"(56.9496, 24.1052)",,,Riga,48,598
598,"(56.0447, 8.5059)",,,Ringkøbing-Skjern,24,599
599,POINT (-40.3776 -20.3338),,,Rio Branco,7,600
600,"(-53.786, -67.7002)",18.0,6.0,Rio Grande,2,601
601,"(-22.9054389, -43.5614471)",5.0,23.7,Rio de Janeiro,7,602
602,POINT (-75.3739 6.15316),,,Rionegro,15,603
603,"(37.271, -79.9414)",400.0,14.0,Roanoke,84,604
604,"(43.161, -77.6109)",154.0,9.0,Rochester,84,605
605,POINT (12.2858 41.53),,,Roma,44,606
606,,,,Roma ,44,607
607,"(41.8723889, 12.4801802)",20.0,16.0,Roma Capitale,44,608
608,"(51.9163716, 4.4509382)",-5.0,11.0,Rotterdam,59,609
609,POINT (123.378 48.4594),,,Saanich,11,610
610,,,,Sabaneta,15,611
611,"(38.5816, -121.4944)",,,Sacramento,84,612
612,,,,Saint John,11,613
613,POINT (-93.09 44.9537),,,Saint Paul,90,614
614,"(44.953703, -93.089958)",,,"Saint Paul, MN",84,615
615,"(45.250091, -74.133086)",48.0,6.3,Salaberry-de-Valleyfield,11,616
616,POINT (-70.8967 42.5195),,,Salem,90,617
617,"(40.7608, -111.891)",1319.0,12.7,Salt Lake City,84,618
618,"(-12.97304, -38.502304)",8.0,26.0,Salvador,7,619
619,"(29.4241, -98.4936)",787.0,27.0,San Antonio,84,620
620,POINT (-12.1078 -76.9989),,,San Borja,63,621
621,"(32.718146, -117.1701)",,,San Diego,84,622
622,POINT (120.19 16.37),,,San Fernando,64,623
623,"(37.7749295, -122.4194155)",142.0,14.1,San Francisco,84,624
624,"(-32.977511, -68.812232)",,,San Isidro,2,625
625,"(-12.09772, -77.027336)",109.0,18.0,San Isidro (Lima),63,626
626,"(37.3382, -121.8863)",,,San José,84,627
627,POINT (-121.886 37.3382),,,"San José, CA",90,628
628,"(37.72493, -122.156077)",15.0,15.0,"San Leandro, CA",84,629
629,"(22.173333, -100.97005)",1998.0,21.0,San Luis Potosí,53,630
630,POINT (-100.458 25.6732),,,Santa Catarina,53,631
631,POINT (-90.42 -0.38),,,Santa Cruz de Galápagos,26,632
632,"(36.974117, -122.030796)",11.0,14.9,"Santa Cruz, CA",84,633
633,POINT (-106 35.5),,,Santa Fe County,90,634
634,POINT (-74.2127 11.2453),,,Santa Marta,15,635
635,"(34.0219, -118.4814)",320.0,20.0,Santa Monica,84,636
636,POINT (121.089 14.2843),,,Santa Rosa,64,637
637,"(39.236669, -8.685994)",108.0,16.0,Santarém,66,638
638,"(-33.44889, -70.669265)",520.0,14.0,Santiago,12,639
639,"(3.451647, -76.531985)",995.0,24.7,Santiago de Cali,15,640
640,"(-2.170998, -79.922359)",4.0,26.0,Santiago de Guayaquil,26,641
641,POINT (-46.3289 -23.9679),,,Santos,7,642
642,"(52.133214, -106.670046)",482.0,2.0,Saskatoon,11,643
643,"(32.0835, -81.0998)",15.0,19.0,Savannah,84,644
644,"(47.6062, -122.3321)",15.0,11.0,Seattle,84,645
645,POINT (126.978 37.5665),,,Seoul,67,646
646,"(37.566535, 126.9779692)",,,Seoul ,75,647
647,"(37.566535, 126.9779692)",85.0,12.1,Seoul Metropolitan Government,75,648
648,,,,Sheffield,88,649
649,"(22.917478, 113.813461)",,,Shenzhen,13,650
650,,,,Shoreline,90,651
651,POINT (34.2876 0.0572),,,Siaya,47,652
652,POINT (88.4103 26.7323),,,Siliguri,40,653
653,"(9.304577, -75.390557)",,,Sincelejo,15,654
654,"(1.352083, 103.819836)",5.0,27.0,Singapore ,72,655
655,POINT (-9.38811 38.7984),,,Sintra,66,656
656,POINT (23.3219 42.6977),,,Sofia,8,657
657,,,,Solna,78,658
658,POINT (-71.0826 42.3934),,,Somerville,90,659
659,"(42.393449, -71.082647)",4.0,11.0,"Somerville, MA",84,660
660,"(54.913811, 9.792178)",,9.6,Sonderborg,24,661
661,,,,Sonderborg Kommune,24,662
662,"(-23.4774899, -47.4220615)",601.0,20.8,Sorocaba,7,663
663,POINT (41.6754 -86.2532),,,South Bend,90,664
664,POINT (-79.2469 43.1594),,,St Catharines,11,665
665,"(43.1594, -79.2469)",102.0,9.0,"St Catharines, ON",11,666
666,"(38.627, -90.1994)",142.0,13.9,St Louis,84,667
667,,,,St. John’s,11,668
668,,,,St. Petersburg,90,669
669,"(49.398752, 8.672434)",114.0,13.2,Stadt Heidelberg,33,670
670,"(47.3686498, 8.5391825)",408.0,8.8,Stadt Zürich,79,671
671,"(42.425777, 25.634464)",196.0,12.9,Stara Zagora,8,672
672,"(59.3293235, 18.0685808)",50.0,7.0,Stockholm,78,673
673,,,,Strasbourg,31,674
674,POINT (-80.9645 46.5268),,,Sudbury,11,675
675,,,,Sunderland,88,676
676,POINT (126.805 37.17),,,Suwon,67,677
677,,,,Suwon ,75,678
678,"(37.2635727, 127.0286009)",75.0,13.1,Suwon City,75,679
679,"(-33.8674869, 151.2069902)",39.0,20.0,Sydney,3,680
680,POINT (-49.3762 -20.8118),,,São José do Rio Preto,7,681
681,POINT (-51.1493 -29.761),,,São Leopoldo,7,682
682,POINT (-46.7382 -23.5595),,,São Paulo,7,683
683,,,,Söderhamn,78,684
684,POINT (-122.444 47.2529),,,Tacoma,90,685
685,"(24.161859, 120.646967)",,23.0,Taichung,80,686
686,POINT (120.227 22.9999),,,Tainan,25,687
687,"(22.9999, 120.2269)",,24.0,Tainan ,80,688
688,"(25.037525, 121.563782)",60.0,23.0,Taipei,80,689
689,,,,Taipei City,80,690
690,"(25.037525, 121.563782)",60.0,23.0,Taipei City Government,80,691
691,POINT (-77.0075 38.9779),,,Takoma Park,90,692
692,"(38.9779, -77.0075)",,,"Takoma Park, MD",84,693
693,POINT (24.7536 59.437),,,Tallinn,27,694
694,POINT (23.761 61.4978),,,Tampere,30,695
695,POINT (-99.0173 19.3599),,,Tampico,53,696
696,,,,Tangerang City,41,697
697,"(24.993113, 121.301028)",,23.0,Taoyuan,80,698
698,,,,Taoyuan ,80,699
699,"(24.993628, 121.30098)",,23.0,Taoyuan City Hall,80,700
700,"(-21.266606, -63.488416)",,,Tarija,5,701
701,"(50.012101, 20.985841)",,,Tarnów,65,702
702,"(58.380049, 26.72194)",,,Tartu,27,703
703,"(41.715138, 44.827096)",,,Tbilisi,32,704
704,POINT (34.7823 32.0816),,,Tel Aviv-Yafo,43,705
705,"(32.081604, 34.782285)",40.0,20.0,Tel Aviv-Yafo ,43,706
706,POINT (-111.94 33.4255),,,Tempe,90,707
707,"(33.42551, -111.940005)",335.0,21.8,"Tempe, AZ",84,708
708,"(52.070498, 4.3007)",,,The Hague,59,709
709,POINT (-89.2477 48.3809),,,Thunder Bay,11,710
710,"(41.327546, 19.818698)",110.0,15.0,Tirana,1,711
711,POINT (78.68 10.8),,,Tiruchirappalli,40,712
712,"(35.6896342, 139.6921007)",,,Tokyo,45,713
713,"(35.6896342, 139.6921007)",,16.6,Tokyo Metropolitan Government,45,714
714,"(45.1006374, 7.6680046)",239.0,14.0,Torino,44,715
715,"(43.653226, -79.3831843)",77.0,8.0,Toronto,11,716
716,POINT (-9.30148 38.7637),,,Torres Vedras,66,717
717,"(38.763669, -9.30148)",75.0,15.0,Torres Vedras ,66,718
718,"(38.763669, -9.30148)",75.0,15.0,Torres Vedras Municipality,66,719
719,"(43.850855, -79.020373)",90.0,7.8,"Town of Ajax, ON",11,720
720,"(37.2296, -80.4139)",633.0,10.8,Town of Blacksburg,84,721
721,POINT (13.1569 55.3751),,,Trelleborg,78,722
722,,,,Treviso,44,723
723,POINT (10.395 63.4305),,,Trondheim,62,724
724,POINT (28.1881 -25.7461),,,Tshwane,74,725
725,POINT (1.21333 6.42611),,,Tsévié,82,726
726,"(4.08618, -76.19793)",980.0,27.0,Tulua,15,727
727,"(60.4518126, 22.2666303)",10.0,5.5,Turku,30,728
728,"(46.0667, 13.2333)",113.0,13.0,Udine,44,729
729,POINT (30.2513 -30.6218),,,Ugu,74,730
730,,,,Uljin ,75,731
731,,,,Ulsan-si,67,732
732,POINT (20.263 63.8258),,,Umeå,78,733
733,"(38.6682, -90.3325)",160.0,13.9,"University City, MO",84,734
734,POINT (138.6 -34.95),,,Unley,3,735
735,POINT (17.635 59.8536),,,Uppsala,78,736
736,"(39.6403, -106.3742)",,,"Vail, CO",84,737
737,,,,Valdivia,12,738
738,POINT (-8.49835 41.1887),,,Valongo,66,739
739,"(49.261226, -123.1139268)",45.0,11.0,Vancouver,11,740
740,,,,Vantaa,30,741
741,"(45.4332515, 12.3210704)",3.0,12.0,Venezia,44,742
742,POINT (-68.833 -32.8941),,,Vicente López,2,743
743,"(38.3434574, 26.553613)",327.0,19.0,Village of Kadiovacik,83,744
744,"(-4.441931, 15.266293)",,,Ville de Kinshasa,22,745
745,"(46.5198, 6.6335)",500.0,12.0,Ville de Lausanne,79,746
746,"(45.5086699, -73.5539925)",17.0,6.8,Ville de Montreal,11,747
747,"(54.687156, 25.279651)",98.0,6.7,Vilnius ,49,748
748,"(54.687156, 25.279651)",98.0,6.8,Vilnius City Municipality,49,749
749,POINT (-7.91247 40.6566),,,Viseu,66,750
750,POINT (-2.67 42.84),,,Vitoria-Gasteiz,76,751
751,"(-20.333764, -40.377582)",3.0,25.0,Vitória,7,752
752,POINT (16.3484 57.9587),,,Västervik Municipality,78,753
753,POINT (14.8091 56.8777),,,Växjö,78,754
754,POINT (-1.50369 53.6842),,,Wakefield,88,755
755,POINT (12.5247 -22.9389),,,Walvis Bay,58,756
756,"(52.2296756, 21.0122287)",103.0,8.0,Warsaw,65,757
757,"(38.9071923, -77.0368707)",,14.7,"Washington, DC",84,758
758,POINT (-7.14535 52.2454),,,Waterford,42,759
759,"(26.661763, -80.268357)",,12.7,Wellington,60,760
760,"(26.661763, -80.268357)",,12.7,Wellington City Council,60,761
761,"(34.09, -118.3617)",90.0,19.0,West Hollywood,84,762
762,"(26.715342, -80.053375)",,24.1,West Palm Beach,84,763
763,,,,Whitby,11,764
764,"(42.314937, -83.036363)",190.0,10.7,Windsor,11,765
765,"(49.8997541, -97.1374937)",230.0,2.4,Winnipeg,11,766
766,POINT (-80.2442 36.0999),,,Winston-Salem,90,767
767,POINT (150.893 -34.4278),,,Wollongong,3,768
768,,,,Worcester,90,769
769,"(51.107885, 17.038538)",119.0,11.0,Wroclaw,65,770
770,POINT (114.325 30.6435),,,Wuhan,13,771
771,"43 130026
(41.112598, -112.051762)",,,Yala,2,772
772,POINT (11.31 3.52),,,Yaoundé 3,10,773
773,POINT (11.5167 3.8667),,,Yaoundé 4,10,774
774,POINT (11.5191 3.86181),,,Yaoundé 6,10,775
775,,,,Yeosu-si,67,776
776,,,,Yilan ,80,777
777,"(24.702107, 121.73775)",20.0,22.3,Yilan County,80,778
778,"(35.4437078, 139.6380256)",39.0,16.7,Yokohama,45,779
779,,,,Yonkers,84,780
780,,,,York,88,781
781,POINT (15.9819 45.815),,,Zagreb,18,782
782,"(41.608629, -0.887012)",208.0,16.3,Zaragoza,76,783
783,"(47.3686498, 8.5391825)",408.0,8.8,Zürich,79,784
784,,,,la Ciudad de Paraná,2,785
785,POINT (-8.44582 40.5753),,,Águeda,66,786
786,,,,Åseda,78,787
787,"(54.891456, 10.404684)",10.0,10.0,Ærøskøbing,24,788
788,,,,Évora,66,789
