Organization_id;Organization_name;C40_member;GCoM_member;accounting_year;Organization_boundary;city_id
58796;Odder Kommune;False;;;;
36158;Comune di Napoli;False;;;;
62855;Egedal Municipality;False;;2014-01-01 - 2014-12-31;Administrative boundary of a local government;
61790;City of Emeryville, CA;False;;2014-01-01 - 2014-12-31;Administrative boundary of a local government;
62180;Communauté urbaine du Grand Nancy;False;;2016-01-01 - 2016-12-31;A metropolitan area;
54425;Amiens Métropole;False;;;;
50679;Barreiro;False;;2016-01-01 - 2016-12-31;Administrative boundary of a local government;
1850;Birmingham City Council;False;True;;A metropolitan area;
58609;City of Ærøskøbing;False;;2016-01-01 - 2016-12-31;Administrative boundary of a local government;
59151;City of Akureyri;False;True;;;
31052;City of Cardiff;False;True;2014-01-01 - 2014-12-31;Administrative boundary of a local government;
8242;City of Helsinki;False;;2016-01-01 - 2016-12-31;Administrative boundary of a local government;
54402;City of Lahti;False;True;2015-01-01 - 2015-12-31;Administrative boundary of a local government;
54529;City of Leicester;False;True;;Administrative boundary of a local government;
36159;City of Lisbon;True;True;2014-01-01 - 2014-12-31;Administrative boundary of a local government;
46514;City of Porto;False;True;2015-01-01 - 2015-12-31;Administrative boundary of a local government;
54459;City of Reykjavík;False;True;;A metropolitan area;
50154;City of Turku;False;True;2015-01-01 - 2015-12-31;Administrative boundary of a local government;
54497;City of Wroclaw;False;;2015-01-01 - 2015-12-31;Administrative boundary of a local government;
36274;Comune di Bologna;False;;;Administrative boundary of a local government;
36261;Comune di Bolzano;False;;;;
36286;Comune di Ferrara;False;;;Administrative boundary of a local government;
36495;Comune di Piacenza;False;;;Administrative boundary of a local government;
36263;Comune di Ravenna;False;;2016-01-01 - 2016-09-30;Administrative boundary of a local government;
36518;Comune di Udine;False;;2013-01-01 - 2013-12-31;Administrative boundary of a local government;
31313;Dublin City Council;False;;;Administrative boundary of a local government;
35868;Free and Hanseatic City of Hamburg;False;;2014-01-01 - 2014-12-31;Administrative boundary of a local government;
3429;City of Stockholm;True;True;2015-01-01 - 2015-12-31;Administrative boundary of a local government;
50681;Funchal;False;;;;
59165;Gladsaxe Kommune;False;;2015-01-01 - 2015-12-31;A metropolitan area;
31055;Glasgow City Council;False;True;;;
58797;Hørsholm Kommune;False;;;;
54443;Landeshauptstadt Magdeburg;False;;2012-01-01 - 2012-12-31;A metropolitan area;
55442;Município de Moita;False;;;Administrative boundary of a local government;
58488;Sonderborg Kommune;False;;2015-01-01 - 2015-12-31;Administrative boundary of a local government;
58537;Tarnów;False;;;;
50211;Tbilisi City;False;;;;
35879;City of Minneapolis;False;;2014-01-01 - 2014-12-31;Administrative boundary of a local government;
35755;Village of Kadiovacik;False;;2016-01-01 - 2016-12-31;Administrative boundary of a local government;
54520;Ville de Lausanne;False;;;Administrative boundary of a local government;
60114;City of Gdynia;False;;;;
35858;City of Cape Town;True;True;2015-01-01 - 2015-12-31;Administrative boundary of a local government;
31115;City of Johannesburg;True;True;2014-01-01 - 2014-12-31;Administrative boundary of a local government;
31175;City of Paris;True;True;2014-01-01 - 2014-12-31;Administrative boundary of a local government;
31185;City of Warsaw;True;True;2014-01-01 - 2014-12-31;Administrative boundary of a local government;
3422;Greater London Authority;True;True;2014-01-01 - 2014-12-31;Administrative boundary of a local government;
3422;Greater London Authority;True;True;2014-01-01 - 2014-12-31;Other: Admistrative boundary of the Greater London Authority;
35393;City of St Louis;False;;2015-01-01 - 2015-12-31;Administrative boundary of a local government;
55467;City of Aurora, CO;False;;;;
58636;City of Bellingham, WA;False;;;;
49787;City of Benicia;False;;2010-01-01 - 2010-12-31;Administrative boundary of a local government;
2430;City of Burlington;False;;2010-01-01 - 2010-12-31;Administrative boundary of a local government;
54108;City of Durham;False;;2015-07-01 - 2016-06-30;Administrative boundary of a local government;
54070;City of Eugene;False;;2015-01-01 - 2015-12-31;Administrative boundary of a local government;
54078;City of Hayward;False;;2015-01-01 - 2015-12-31;Administrative boundary of a local government;
57616;City of Lake Forest, IL;False;;2007-01-01 - 2007-12-31;A metropolitan area;
50558;City of London, ON;False;True;2014-01-01 - 2014-12-31;Administrative boundary of a local government;
58530;City of Northampton, MA;False;;;;
14344;City of Park City, UT;False;True;;;
49334;City of Richmond, VA;False;;2015-01-01 - 2015-12-31;Administrative boundary of a local government;
58531;City of Somerville, MA;False;True;2014-01-01 - 2014-12-31;Administrative boundary of a local government;
58357;City of West Hollywood;False;;2008-01-01 - 2008-12-31;Administrative boundary of a local government;
50579;City of Winnipeg;False;;2011-01-01 - 2011-12-31;Administrative boundary of a local government;
52893;City of Yonkers;False;;;Administrative boundary of a local government;
55616;Los Altos Hills;False;;2015-01-01 - 2015-12-31;Administrative boundary of a local government;
58621;Town of Blacksburg;False;;2015-01-01 - 2015-12-31;Administrative boundary of a local government;
14874;City of Portland, OR;True;True;2014-01-01 - 2014-12-31;Administrative boundary of a local government;
43937;Wellington City Council;False;True;2014-07-01 - 2015-06-30;Administrative boundary of a local government;
31113;City of Yokohama;True;True;2014-04-01 - 2015-03-31;Administrative boundary of a local government;
44185;Suwon City;False;True;;Administrative boundary of a local government;
59595;City of Brisbane, CA;False;;2015-05-01 - 2016-05-01;0;
59595;City of Brisbane, CA;False;;2015-05-01 - 2016-05-01;A metropolitan area;
59612;City of Hermosa Beach, CA;False;;;Administrative boundary of a local government;
59535;Town of Vail, CO;False;;;;
54354;City Government of Makati;False;True;2011-01-01 - 2011-12-31;Administrative boundary of a local government;
31186;Changwon City;False;True;;;
31109;City of Melbourne;True;True;2014-07-01 - 2015-06-30;Administrative boundary of a local government;
31114;City of Sydney;True;True;2015-07-01 - 2016-06-30;Administrative boundary of a local government;
31187;Seoul Metropolitan Government;True;True;;Administrative boundary of a local government;
35993;Singapore Government;True;;2012-01-01 - 2012-12-31;Other: Nation-wide;
31111;Tokyo Metropolitan Government;True;True;2013-04-01 - 2014-03-31;Administrative boundary of a local government;
44191;Ansan City;False;True;;;
43932;Auckland Council;True;True;2014-01-01 - 2014-12-31;Administrative boundary of a local government;
43928;Canberra;False;True;2015-07-01 - 2016-06-30;Administrative boundary of a local government;
32480;City of Adelaide;False;True;2015-07-01 - 2016-06-30;Administrative boundary of a local government;
35902;City of Nagoya;False;;;Administrative boundary of a local government;
55179;City of Okayama;False;;;Administrative boundary of a local government;
43934;City of Perth;False;;;;
44295;Gwangyang City;False;;;;
51105;Hongcheon County;False;;;;
54390;Hsinchu County Government;False;;;;
31112;Kaohsiung City Government;False;True;2015-01-01 - 2015-12-31;Administrative boundary of a local government;
56276;New Taipei City Government;False;True;2015-01-01 - 2015-12-31;Administrative boundary of a local government;
57347;Pingtung County Government;False;False;2013-01-01 - 2013-12-31;Administrative boundary of a local government;
31446;Taipei City Government;False;True;2015-01-01 - 2015-12-31;Administrative boundary of a local government;
50716;Uljin County;False;;;;
59996;Batangas City;False;;2015-01-01 - 2015-12-31;A metropolitan area;
59996;Batangas City;False;;2015-01-01 - 2015-12-31;Administrative boundary of a local government;
31170;Metropolitan Municipality of Lima;True;True;2015-01-01 - 2015-12-31;A metropolitan area;
31170;Metropolitan Municipality of Lima;True;True;2015-01-01 - 2015-12-31;Administrative boundary of a local government;
50359;Gobierno Municipal de León de los Aldamas;False;True;2013-01-01 - 2013-12-31;Administrative boundary of a local government;
36489;Comune di Olbia;False;;;;
50364;Municipalidad de La Paz;False;;;Administrative boundary of a local government;
35848;Municipality of Belo Horizonte;False;True;2015-01-01 - 2015-12-31;Administrative boundary of a local government;
50384;Prefeitura de Florianópolis;False;True;2013-01-01 - 2013-12-31;A metropolitan area;
31155;City of Buenos Aires;True;True;2015-01-01 - 2015-12-31;Administrative boundary of a local government;
42178;Distrito Metropolitano de Quito;True;True;2015-01-01 - 2015-12-31;A metropolitan area;
31176;Prefeitura do Rio de Janeiro;True;True;2012-01-01 - 2012-12-31;Administrative boundary of a local government;
60602;Town of Ajax, ON;False;False;2015-01-01 - 2015-12-31;Administrative boundary of a local government;
60603;City of Prince George, BC;False;False;;;
60656;City of Piedmont, CA;False;True;2010-01-01 - 2011-01-01;Other:;
60656;City of Piedmont, CA;False;True;2010-01-01 - 2011-01-01;Other;
60680;Ville de Salaberry-de-Valleyfield;False;;2016-01-01 - 2016-12-31;Administrative boundary of a local government;
31174;Moscow Government;True;;2016-01-01 - 2016-12-31;Combination of administrative divisions;
59552;City of Davis, CA;False;;2009-01-01 - 2010-01-01;Administrative boundary of a local government;
49386;City of Hiroshima;False;;;Administrative boundary of a local government;
50220;Métropole Nice Côte d'Azur;False;;;A metropolitan area;
44182;Incheon Metropolitan City;False;;;Administrative boundary of a local government;
31156;Municipality of Curitiba;True;True;2013-01-01 - 2013-12-31;Administrative boundary of a local government;
54329;Bogor City Government;False;True;2014-01-01 - 2014-12-31;Administrative boundary of a local government;
31180;Región Metropolitana de Santiago;True;True;2013-01-01 - 2013-12-31;A metropolitan area;
31180;Región Metropolitana de Santiago;True;True;2013-01-01 - 2013-12-31;Administrative boundary of a local government;
58310;City of Roanoke;False;;2015-01-01 - 2015-12-31;Administrative boundary of a local government;
31166;Jakarta City Government;True;True;2014-01-01 - 2014-12-31;Administrative boundary of a local government;
35872;Municipality of Recife;False;True;2015-01-01 - 2015-12-31;Administrative boundary of a local government;
58628;University City, MO;False;;;Administrative boundary of a local government;
36154;Vilnius City Municipality;False;;2014-01-01 - 2014-12-31;Administrative boundary of a local government;
36045;Santiago de Guayaquil;False;True;2014-01-01 - 2014-12-31;Administrative boundary of a local government;
54650;Prefeitura de Palmas;False;True;;A metropolitan area;
31172;Mexico City;True;True;2014-01-01 - 2014-12-31;Other: the inhabitants, commercial establishments, services and industries located in the territory of Mexico City area;
31146;Addis Ababa City Administration;True;True;2012-01-01 - 2012-12-31;Administrative boundary of a local government;
31154;Bogotá Distrito Capital;True;True;2017-01-01 - 2017-12-31;Administrative boundary of a local government;
31154;Bogotá Distrito Capital;True;True;2017-01-01 - 2017-12-31;A metropolitan area;
50369;Ayuntamiento de San Luis Potosí;False;;2015-01-01 - 2015-12-31;A metropolitan area;
42123;City of Goiânia;False;;2017-01-01 - 2017-12-31;Administrative boundary of a local government;
50383;Prefeitura de Sorocaba;False;True;2012-01-01 - 2012-12-31;Administrative boundary of a local government;
31169;Government of Hong Kong Special Administrative Region;True;True;2014-01-01 - 2014-12-31;Administrative boundary of a local government;
31159;Alcaldía Metropolitana de Caracas;True;;2015-01-01 - 2015-12-31;A metropolitan area;
44132;Bornova Municipality;False;;;0;
35862;City of Detroit;False;;2012-01-01 - 2012-12-31;Administrative boundary of a local government;
62864;City of Lancaster, PA;False;;2016-01-01 - 2016-12-31;Administrative boundary of a local government;
54610;Estância Turística de Guaratinguetá;False;;;Administrative boundary of a local government;
36037;Santiago de Cali;False;True;2010-01-01 - 2010-12-31;Combination of administrative divisions;
54085;City of Savannah;False;;2014-01-01 - 2014-12-31;Administrative boundary of a local government;
58627;City of Alton, IL;False;;;Administrative boundary of a local government;
49338;City of Tucson;False;;;Administrative boundary of a local government;
54337;Greater Amman Municipality;True;True;2014-01-01 - 2014-12-31;A metropolitan area;
50672;Santarém;False;;2014-01-01 - 2014-12-31;Administrative boundary of a local government;
58610;Municipality of Hjørring;False;;2014-01-01 - 2014-12-31;Other: Energy plan for Hjoerring Municipality;
42120;City of Salvador;True;True;2013-01-01 - 2013-12-31;Administrative boundary of a local government;
35880;Municipality of Porto Alegre;False;;;Administrative boundary of a local government;
31167;City of Lagos;True;True;;A metropolitan area;
49363;Nelson Mandela Bay Municipality;False;;2013-07-01 - 2014-06-30;A metropolitan area;
59537;City of Denton, TX;False;;2015-01-01 - 2015-12-31;Administrative boundary of a local government;
54386;Tainan City Government;False;True;2014-01-01 - 2014-12-31;Administrative boundary of a local government;
54046;City of Brownsville;False;;2015-10-01 - 2016-09-30;Administrative boundary of a local government;
31164;Ho Chi Minh City;True;;2013-01-01 - 2013-12-31;Administrative boundary of a local government;
35274;City of Portland, ME;False;False;2010-01-01 - 2010-12-31;Administrative boundary of a local government;
53254;Hobart City Council;False;;2014-07-01 - 2015-06-30;Administrative boundary of a local government;
54389;Taichung City Government;False;True;2015-01-01 - 2015-12-31;Administrative boundary of a local government;
69967;Alcaldia de Tulua;False;;2010-01-01 - 2010-12-31;Administrative boundary of a local government;
31163;Istanbul Metropolitan Municipality;True;True;2015-01-01 - 2015-12-31;A metropolitan area;
58590;City of Easton, PA;False;True;2016-01-01 - 2016-12-31;Administrative boundary of a local government;
53959;City of Fayetteville, AR;False;False;2016-01-01 - 2016-12-31;A metropolitan area;
60318;Prefeitura de Porto Velho;False;;2013-01-01 - 2013-12-31;Combination of administrative divisions;
58543;Byron Shire Council;False;True;2015-07-01 - 2016-06-30;Administrative boundary of a local government;
50572;City of Saint Paul, MN;False;True;2015-01-01 - 2015-12-31;Administrative boundary of a local government;
54409;City of Espoo;False;;2015-01-01 - 2015-12-31;Administrative boundary of a local government;
54388;Iskandar Regional Development Authority;False;True;2015-01-01 - 2015-12-31;A metropolitan area;
35885;Tel Aviv-Yafo Municipality;True;False;2012-01-01 - 2012-12-31;Administrative boundary of a local government;
50382;Municipio de Mérida;False;True;2014-01-01 - 2014-12-31;Administrative boundary of a local government;
49327;City of Providence;False;;2015-01-01 - 2015-12-31;Administrative boundary of a local government;
63616;Abasan Al-Kabira Municipality;False;True;2010-12-31 - 2011-12-31;Administrative boundary of a local government;
58461;Stara Zagora;False;;2014-01-01 - 2015-01-01;Combination of administrative divisions;
60392;Municipalidad de San Isidro (Lima);False;True;2015-01-01 - 2015-12-31;Other: DISTRITAL;
36036;City of Ibadan;False;;2017-05-04 - 2017-05-04;A metropolitan area;
59633;City of Santa Cruz, CA;False;True;2015-01-01 - 2015-12-31;Administrative boundary of a local government;
50559;City of St Catharines, ON;False;True;2014-01-01 - 2014-12-31;Administrative boundary of a local government;
59160;Ville de Nyon;False;;2015-01-01 - 2015-12-31;Administrative boundary of a local government;
59631;City of San Leandro, CA;False;;2015-01-01 - 2015-12-31;Administrative boundary of a local government;
53921;City of Tempe, AZ;False;True;2015-01-01 - 2016-01-01;Administrative boundary of a local government;
59545;City of Charlottesville, VA;False;True;2011-01-01 - 2011-12-31;Administrative boundary of a local government;
60419;Municipalidad de Rio Grande;False;;2015-01-01 - 2015-12-31;Administrative boundary of a local government;
43926;City of Mannheim;False;True;2012-01-01 - 2012-12-31;Administrative boundary of a local government;
54461;Gemeente Groningen;False;;2017-01-01 - 2017-12-31;Administrative boundary of a local government;
54356;City of Parañaque;False;;2010-01-01 - 2010-12-31;Administrative boundary of a local government;
50671;Fafe;False;;2013-01-01 - 2013-12-31;Administrative boundary of a local government;
54057;City of Lancaster;False;;2015-01-01 - 2015-12-31;Administrative boundary of a local government;
55415;City of Columbia, SC;False;;2015-01-01 - 2015-12-31;Administrative boundary of a local government;
50392;Prefeitura de Vitória;False;;2015-07-15 - 2017-12-30;A metropolitan area;
54623;Prefeitura de Betim;False;;2013-01-01 - 2013-12-31;Administrative boundary of a local government;
59158;Moroni City;False;;2016-01-01 - 2016-12-31;Administrative boundary of a local government;
54100;City of Columbia, MO;False;True;2015-01-01 - 2015-12-31;Administrative boundary of a local government;
50650;City of Gibraltar;False;True;2015-01-01 - 2015-12-31;Administrative boundary of a local government;
58395;Bærum Kommune;False;;2015-01-01 - 2015-12-31;Administrative boundary of a local government;
60374;Alcaldía de Ibagué;False;;2014-01-01 - 2014-12-31;Administrative boundary of a local government;
63999;City of Miami Beach, FL;False;True;2013-01-01 - 2014-12-31;Administrative boundary of a local government;
50371;Municipalidad de  Córdoba;False;;2014-01-01 - 2014-12-31;Administrative boundary of a local government;
60273;Prefeitura de Extrema;False;;2014-01-01 - 2014-12-31;Administrative boundary of a local government;
54637;Alcaldía de Cuenca;False;True;;;
60387;Alcaldíade Sincelejo;False;;;;
31150;Bangkok Metropolitan Administration;True;True;;;
31157;City of Delhi;True;False;;;
54364;City of Kuala Lumpur;True;True;;;
73295;City of La Crosse, WI;False;True;;;
58569;City of Podgorica;False;;;;
73302;City of Port Allen, LA;False;;;;
58511;City of Richmond, CA;False;;;;
58871;City of Salem, MA;False;True;;;
51075;City of Shenzhen;True;False;;;
59563;City of Takoma Park, MD;False;True;;;
50357;Ciudad de Mendoza;False;True;;;
36484;Comune di Monza;False;;;;
36252;Comune di Oristano;False;;;;
36492;Comune di Parma;False;;;;
60394;Gobierno Autónomo Municipal de Tarija;False;;;;
70247;Hsinchu City Government;False;;;;
63542;Lejre Kommune;False;;;;
43975;Municipalidad de Magdalena del Mar;False;True;;;
59167;Municipalidad de Providencia;False;True;;;
60416;Municipalidad de San Isidro (Argentina);False;;;;
60002;Municipality of Cainta;False;;;;
54347;Pasig City Government;False;;;;
50386;Prefeitura de Cuiabá;False;True;;;
58868;Regional Municipality of Durham;False;;;;
36426;Riga City;False;;;;
58781;Ringkøbing-Skjern Kommune;False;;;;
60126;Tartu City Council;False;;;;
36002;Ville de Kinshasa;False;True;;;
69835;Municipalidad de Yala;False;;;;
840926;Prefeitura de Serra Talhada;False;True;;;
863190;Renca;False;False;;;
930366;Municipalidad Distrital de Yura;False;True;;;
60236;Trelleborg Municipality;False;True;;;
863463;Valle de Santiago;False;True;;;
54125;City of Boise, ID;False;False;;;
850566;Prefeitura de Piraquara;False;False;;;
54365;Kota Kinabalu City Hall;False;True;;;
930245;Prefeitura de Sirinhaém;False;True;;;
60410;Municipalidad de Peñalolén;False;True;;;
54607;Mar del Plata;False;False;;;
60906;Municipalidad de Vitacura;False;True;;;
50397;Presidencia Municipal de Saltillo;False;True;;;
895694;Municipalidad de Quilicura;False;False;;;
59987;Hutt City Council;False;False;;;
54396;Can Tho City;False;True;;;
73746;Probolinggo;False;True;;;
834374;Tagum City;False;False;;;
840122;Siliguri Municipal Corporation;False;True;;;
13506;Nottingham City Council;False;True;;;
54614;Prefeitura da Cidade de São José do Rio Preto;False;True;;;
852522;Cotswold District Council;False;False;;;
58668;City of New Bedford, MA;False;True;;;
35873;Medellín;True;True;;;
60011;City of San Jose del Monte;False;True;;;
50373;Municipalidad de Rosario;False;True;;;
54328;City of Niigata;False;True;;;
930073;Quang Binh Province;False;False;;;
2621;Cambridgeshire County Council;False;False;;;
69850;Municipalidad de Comas;False;True;;;
54611;Alcaldia de Manizales;False;True;;;
18078;Swale Borough Council;False;False;;;
859254;Uppvidinge Municipality;False;False;;;
848476;Municipalidad de Cañas;False;True;;;
13113;Newcastle City Council;False;True;;;
826396;Municipality of Sintra;False;True;;;
54027;City of St. John's, NL;False;True;;;
854055;Tultitlán;False;False;;;
831618;Yaoundé 4;False;True;;;
54348;The Local Government of Quezon City;True;True;;;
73723;San Rafael, CA;False;True;;;
60621;Lilongwe City Council;False;False;;;
11315;City of Manchester;False;True;;;
60599;Town of Bridgewater, NS;False;True;;;
845301;Montes de Oca;False;True;;;
14136;Oxford City Council;False;True;;;
58595;Municipalidad de Belén;False;True;;;
54613;Alcaldia de Valdivia;False;True;;;
54253;Wollongong City Council;False;True;;;
895157;Lancashire County Council (City);False;False;;;
54439;City of Münster;False;True;;;
60105;Kirklees Council;False;True;;;
58597;Municipalidad de La Unión;False;True;;;
74670;Antalya Metropolitan Municipality;False;False;;;
859130;Handa City;False;False;;;
74325;Pontianak;False;True;;;
54620;Gobierno Municipal de la Ciudad de Paraná;False;True;;;
36004;City of Abidjan;True;True;;;
50678;Municipality of Évora;False;True;;;
50387;Prefeitura de Guarulhos;False;True;;;
15515;Reading Borough Council;False;True;;;
919095;City of London (City);False;False;;;
841416;Municipalidad de Puerto Esperanza;False;True;;;
847232;Tres Arroyos;False;True;;;
862953;District of North Vancouver, BC;False;False;;;
44194;Jeonju City;False;True;;;
54096;City of Saint John, NB;False;False;;;
54289;Wuhan Municipal People's Government;True;False;;;
843399;Wandsworth Council;False;True;;;
44080;City of Kitakyushu;False;True;;;
839668;Municipio de Iztapa;False;True;;;
930252;Subang Jaya;False;True;;;
840153;Municipality of Santa Catarina;False;False;;;
848564;City of Zadar;False;True;;;
848122;Alajuela;False;True;;;
863205;Gorontalo Regency;False;False;;;
54706;Prefeitura Municipal de Boa Vista;False;True;;;
60069;Sheffield City Council;False;False;;;
866890;City of Prairie Village, KS;False;False;;;
862501;Concordia;False;True;;;
841003;Ayuntamiento de Apodaca;False;False;;;
827048;Zhenjiang Municipal People's Government;True;False;;;
866940;Fokoué;False;True;;;
834406;Municipality of San Pedro Tlaquepaque;False;True;;;
50396;Prefeitura Municipal de Santos;False;True;;;
10806;London Borough of Enfield;False;False;;;
42384;City of Gothenburg;False;True;;;
60407;Municipalidad de Colina;False;False;;;
930367;Municipio de Montecristi;False;True;;;
863201;Sanggau Regency;False;False;;;
54518;City of Helsingborg;False;True;;;
59532;City of Hoboken, NJ;False;False;;;
54124;City of Fremont, CA;False;True;;;
917874;Aberdeenshire Council;False;False;;;
54318;Government of Tangerang City;False;True;;;
54098;City of Thunder Bay, ON;False;True;;;
60185;City of Vantaa;False;True;;;
838939;Kocaeli Metropolitan Municipality;False;True;;;
59985;City of Puerto Princesa;False;True;;;
54327;Semarang City Government;False;False;;;
840514;Blitar City;False;False;;;
54360;Shah Alam City Council;False;True;;;
862814;South-East Region of Ireland (Kilkenny, Carlow, Wexford, and Waterford Counties);False;False;;;
44210;Yeosu City;False;True;;;
845307;Zarcero;False;True;;;
848567;Mid-America Regional Council;False;True;;;
46470;Municipality of Vitoria-Gasteiz;False;True;;;
59166;Municipalidad de Independencia;False;True;;;
54263;Merri-bek City Council;False;True;;;
840269;Town of Whitby, ON;False;True;;;
73669;San Luis Obispo, CA;False;True;;;
59653;City of Manhattan Beach, CA;False;True;;;
49389;Kyoto City;False;True;;;
852443;Ferndale, MI;False;True;;;
68250;City of Canada Bay;False;False;;;
840075;Unley City Council;False;True;;;
74771;Kisii County;False;False;;;
43909;City of Orlando, FL;False;True;;;
900978;Manzanillo;False;False;;;
924776;Tambrauw Regency;False;False;;;
60168;Derry City & Strabane;False;True;;;
848259;Mongua;False;True;;;
839672;Municipalidad Distrital de La Molina;False;True;;;
849023;Uruapan;False;True;;;
841960;City of Belfast, ME;False;True;;;
826209;Aipromades Lago de Chapala;False;True;;;
35897;Municipality of Campinas;False;True;;;
834157;Hang Tuah Jaya Municipal Council;False;True;;;
834141;Huddinge Municipality;False;False;;;
54144;City of Yarra;False;True;;;
848981;City of Ormoc;False;True;;;
927260;City of Grand Junction, CO;False;False;;;
848474;Richmond Council;False;True;;;
50361;Ayuntamiento de Hermosillo;False;True;;;
60003;Baguio City;False;True;;;
68375;Prefeitura de Abaetetuba;False;True;;;
55379;Santa Fé Ciudad;False;True;;;
54114;City of Asheville, NC;False;False;;;
859253;Mora Municipality;False;False;;;
930371;Baños de Agua Santa;False;False;;;
37261;City of Pietermaritzburg;False;True;;;
59677;City of Mountain View, CA;False;False;;;
50370;Municipalidad de Tampico;False;True;;;
59572;District of Saanich, BC;False;True;;;
863407;Town of Durham, NH;False;True;;;
895653;North Minahasa;False;True;;;
35867;Region Metropolitana de Guadalajara;True;True;;;
73707;Totoras;False;True;;;
930254;Thua Thien Hue Province;False;False;;;
35907;Bengaluru;True;False;;;
834261;Municipality of Irapuato;False;True;;;
840131;Tiruchirappalli City Municipal Corporation;False;True;;;
54331;City of Sagamihara;False;False;;;
929628;Dharmasraya City;False;False;;;
73667;San Rafael de Heredia;False;True;;;
59696;City of Longmont, CO;False;False;;;
73759;Jambi City;False;True;;;
54361;Petaling Jaya City Council;False;True;;;
55161;City of Iida;False;False;;;
834126;Dobong-gu District of Seoul;False;True;;;
54330;City of Kawasaki;False;False;;;
834255;Municipality of Guaymallén;False;True;;;
54537;Sunderland City Council;False;True;;;
834161;Kinmen County Government;False;False;;;
826429;Municipality of Figueira da Foz;False;True;;;
849051;Udaipur Municipal Corporation;False;True;;;
866486;City of Trebinje;False;False;;;
862480;Ibarra;False;False;;;
826201;Ayuntamiento de Zapopan;False;True;;;
930332;City of Orillia, ON;False;False;;;
929501;Algarrobo;False;True;;;
54305;Rajkot Municipal Corporation;False;True;;;
845302;Paraíso;False;True;;;
74462;Village of Oak Park, IL;False;False;;;
59956;Banda Aceh City Government;False;True;;;
35893;City of Dar es Salaam;True;True;;;
73530;Town of Lexington, MA;False;True;;;
54084;City of Guelph, ON;False;True;;;
5871;Essex County Council;False;False;;;
54265;City of Newcastle;False;True;;;
827047;Fuzhou Municipal People's Government;True;False;;;
44180;Daegu Metropolitan City;False;True;;;
54341;Toyama City;False;True;;;
863202;Trenggalek Regency;False;False;;;
866903;Prefeitura de Itapipoca;False;True;;;
50235;City of Kraków;False;True;;;
50669;Municipality of Matosinhos;False;True;;;
54349;Balikpapan City Government;False;True;;;
73645;KwaDukuza;False;True;;;
54026;City of Tacoma, WA;False;True;;;
54513;Uppsala Municipality;False;True;;;
53829;City of Kingston, ON;False;True;;;
73810;Miami-Dade, FL;False;True;;;
54290;Qingdao Municipal Government;True;False;;;
74671;Kadıköy;False;True;;;
49367;Freetown City;True;True;;;
58613;City of York Council;False;True;;;
74488;City of Beverly, MA;False;False;;;
15014;City of Prague;False;True;;;
37241;City of Berkeley, CA;False;True;;;
54340;Adachi City;False;False;;;
848145;Ciudad Madero;False;True;;;
60625;Dire Dawa;False;True;;;
54530;City of Brighton & Hove;False;True;;;
930608;Municipalidad Distrital de Moche;False;True;;;
50358;Gobierno Municipal de Toluca de Lerdo;False;True;;;
832078;Municipality of Mafra;False;False;;;
74575;Dane County, WI;False;False;;;
929630;Pasaman Regency;False;False;;;
50203;Gaziantep Metropolitan Municipality;False;True;;;
73737;City of Naga, Camarines Sur;False;True;;;
859128;Makinohara City;False;False;;;
73802;Crespo;False;True;;;
54603;Alcaldia de Pasto;False;True;;;
44299;Dangjin City;False;True;;;
60142;City of Kisumu;False;True;;;
73892;Holbæk Municipality;False;True;;;
60078;City of Lappeenranta;False;False;;;
35864;Ekurhuleni Metropolitan Municipality;True;True;;;
60115;Wakefield Council;False;False;;;
847236;Ramona;False;True;;;
10595;Leeds City Council;False;True;;;
68337;Bekasi City Government;False;False;;;
859179;Nagasaki City;False;False;;;
834096;City of Richmond, BC;False;False;;;
840428;Hua-Hin Municipality;False;True;;;
862932;Superior, CO;False;False;;;
73728;North Miami, FL;False;True;;;
73637;Steve Tshwete;False;True;;;
60384;Alcaldía de Yopal;False;False;;;
36517;City of Treviso;False;False;;;
918147;Fanø Municipality;False;False;;;
831234;City of Fredericton, NB;False;True;;;
60281;Prefeitura de Caucaia;False;False;;;
73666;Cuyahoga County, OH;False;True;;;
832610;Orange County, NC;False;True;;;
31051;Coventry City Council;False;False;;;
54593;Buffalo City Metropolitan Municipality;False;False;;;
832300;North Tyneside Council;False;True;;;
44205;Gwangmyeong City;False;True;;;
60399;Municipalidad de Miraflores;False;True;;;
831620;Yaoundé 3;False;True;;;
930559;Suphanburi;False;True;;;
852466;South Gloucestershire Council;False;False;;;
61467;Dipolog City;False;True;;;
2185;Bristol City Council;False;True;;;
852445;Gainesville, FL;False;False;;;
930269;El Santuario;False;False;;;
862760;City of Oxford, OH;False;True;;;
42388;Intendencia de Montevideo;False;True;;;
894137;Cao Lanh;False;True;;;
60113;Dundee City Council;False;True;;;
31184;Prefeitura de São Paulo;True;True;;;
51374;Prefeitura de Rio Branco;False;True;;;
931095;Lake District National Park Authority;False;False;;;
60337;Prefeitura de Quissamã;False;True;;;
50394;Prefeitura Municipal de João Pessoa;False;True;;;
930072;Quang Tri Province;False;False;;;
840024;Perth and Kinross;False;True;;;
69849;Santa Cruz de Galápagos;False;False;;;
54105;City of Duluth, MN;False;False;;;
826208;Junta Intermunicipal de Medio Ambiente de Sierra Occidental y Costa (JISOC);False;False;;;
36032;Ville de Dakar;True;True;;;
74414;Boulder County, CO;False;False;;;
31153;City of Berlin;True;True;;;
834144;Hue City;False;True;;;
74768;Siaya County;False;False;;;
840158;City of San Fernando, La Union;False;False;;;
839666;Municipio de Escuintla;False;True;;;
918355;Municipality of Koekelberg;False;True;;;
73252;Pemba Municipality;False;True;;;
929561;Kribi 1;False;True;;;
826108;Ayuntamiento de Concepción de Buenos Aires;False;True;;;
841980;Karsiyaka Municipality;False;True;;;
862705;Comodoro Rivadavia;False;True;;;
848137;Beteitiva;False;True;;;
54109;City of Bloomington, IN;False;True;;;
852480;Howard County, MD;False;False;;;
54647;Prefeitura de Jundiaí;False;False;;;
57877;Playa del Carmen;False;True;;;
60640;Mbabane City Council;False;False;;;
54268;Dunedin City Council;False;True;;;
44077;Kampala City;False;True;;;
54519;Lund Municipality;False;True;;;
895681;Majlis Bandaraya Iskandar Puteri;False;True;;;
863206;Langsa City;False;False;;;
863470;Nueva Loja;False;True;;;
50674;Municipality of Viseu;False;True;;;
60238;Söderhamn Municipality;False;False;;;
841269;Municipalidad de Montecarlo;False;True;;;
841491;Muar Municipal Council;False;True;;;
54034;City of Grand Rapids, MI;False;True;;;
867237;Færder Municipality;False;False;;;
73722;Mornington Peninsula Shire;False;True;;;
63562;City of South Bend, IN;False;True;;;
929500;MUNICIPALIDAD DE SURQUILLO;False;True;;;
43917;Capital Municipality of Sofia;False;True;;;
50545;City of Henderson, NV;False;False;;;
834284;Municipality of Salamanca;False;False;;;
74673;İzmir Metropolitan Municipality;False;True;;;
862419;Sumbawa Regency;False;False;;;
74463;Village of Park Forest, IL;False;False;;;
60125;Klaipėda City Municipality;False;False;;;
63608;City of Melville;False;True;;;
831431;Cornwall Council;False;True;;;
848565;Chicago Metropolitan Mayors Caucus;False;True;;;
826450;Durham County Council;False;True;;;
54419;City and Metropolitan Municipality of Strasbourg;False;True;;;
60140;City of Nakuru;False;True;;;
862852;City of Cannes;False;False;;;
826211;Junta Intermunicipal de Medio Ambiente Altos Sur (JIAS);False;False;;;
930374;Municipalidad San Pablo de Heredia;False;True;;;
54403;City of Tampere;False;True;;;
35856;Busan Metropolitan City;False;True;;;
930569;Ayuntamiento de San Cristóbal de las Casas;False;False;;;
895257;Prefeitura de Barcarena;False;True;;;
862482;San Pedro Garza García;False;False;;;
35913;City of Nairobi;True;True;;;
841955;Hammersmith and Fulham London Borough Council;False;False;;;
59657;City of Beaverton, OR;False;True;;;
49330;Kansas City, MO;False;False;;;
54030;City of Little Rock, AR;False;False;;;
54699;Prefeitura Municipal de Barueri;False;False;;;
841525;Blackburn with Darwen Borough Council;False;False;;;
834347;Seberang Perai Municipal Council;False;True;;;
35865;Municipality of Fortaleza;False;True;;;
866887;City of Bexley, OH;False;False;;;
826380;Junta Intermunicipal de la Cuenca Baja del Rio Ayuquila (JIRA);False;False;;;
919724;Gällivare Municipality;False;False;;;
841098;Municipalidad Distrital de Chimbote;False;True;;;
54509;Jönköping Municipality;False;False;;;
894047;General Ramirez;False;True;;;
866900;Delicias;False;True;;;
74375;Itabashi;False;False;;;
833284;West Midlands Combined Authority;False;False;;;
826425;Municipality of Caldas da Rainha;False;True;;;
852471;Solihull Council;False;False;;;
36223;Antananarivo;False;False;;;
49347;City of Omaha, NE;False;False;;;
49346;City of Allentown, PA;False;False;;;
54277;New Plymouth District Council;False;True;;;
919725;Åtvidaberg Municipality;False;False;;;
841490;Penampang District Council;False;True;;;
31158;Hanoi City;True;False;;;
50554;City of Mesa, AZ;False;False;;;
54478;Municipality of Nijmegen;False;True;;;
859097;Yamato City;False;False;;;
63941;Broward County, FL;False;False;;;
73726;Itagüí;False;True;;;
54617;Alcaldia de Pereira;False;True;;;
54352;City of Muntinlupa;False;True;;;
863412;City of Tumwater, WA;False;True;;;
831952;Municipalidad de Portoviejo;False;True;;;
55181;City of Matsuyama;False;False;;;
895654;Segamat;False;True;;;
69968;Alcaldia de Rionegro;False;True;;;
71557;Quelimane Municipal Council;False;True;;;
50377;Municipio de Querétaro;False;True;;;
60226;Luleå Municipality;False;True;;;
840521;City of Denizli;False;True;;;
60381;Alcaldía Distrital de Santa Marta;False;False;;;
52896;City of Fort Lauderdale, FL;False;False;;;
4570;Derbyshire County Council;False;False;;;
73752;Bontang City;False;True;;;
930413;Municipio de Santa Elena;False;False;;;
839669;Municipio de San Jose;False;False;;;
831674;Municipality of Amarante;False;False;;;
842012;City of Burlington, ON;False;True;;;
59298;Yaoundé 6;False;True;;;
73533;Intendencia de Canelones;False;True;;;
74594;City of Boynton Beach, FL;False;True;;;
931087;Municipalidad Provincial de Huamanga;False;False;;;
929965;Çorlu Belediyesi;False;False;;;
74418;Town of Breckenridge, CO;False;False;;;
863405;City of Boca Raton, FL;False;False;;;
850585;Municipality of Ambato;False;True;;;
36218;Fukuoka City;False;False;;;
849052;Empedrado;False;True;;;
54335;Government of the City of Yogyakarta;False;False;;;
60393;Municipalidad de Santiago;False;True;;;
854042;Metropolitan Municipality of Milan;False;False;;;
840039;Arequito;False;True;;;
60102;Blackpool Council;False;False;;;
54338;City of Saitama;False;False;;;
50368;Municipalidad de Provincial de Arequipa;False;True;;;
894138;Nam Dinh;False;True;;;
862499;Marcos Juárez;False;True;;;
60007;City of Santa Rosa;False;True;;;
74481;Town of Acton, MA;False;False;;;
60633;La mairie de Bujumbura;False;True;;;
60187;City of Solna;False;False;;;
831999;Concejo Municipal de Distrito de Monte Verde;False;True;;;
74540;Village of Hastings-on-Hudson, NY;False;True;;;
834082;City of Chefchaouen;False;False;;;
54308;Coimbatore City Municipal Corporation;False;True;;;
59588;Town of Chapel Hill, NC;False;False;;;
73750;Tarakan City;False;True;;;
930134;Ayuntamiento de Almoloya de Juárez;False;False;;;
43921;City of Zagreb;False;True;;;
859104;Myoko City;False;False;;;
50380;Municipio de Bucaramanga;False;True;;;
49172;City of St. Petersburg, FL;False;True;;;
73757;Sukabumi City;False;True;;;
834382;City of Trollhättan;False;False;;;
35854;City of Brussels;False;True;;;
862949;Latacunga;False;False;;;
31054;Belfast City Council;False;False;;;
859160;Setouchi City;False;False;;;
826174;Ayuntamiento de Tepatitlán de Morelos;False;True;;;
36410;City of Memphis, TN;False;True;;;
54345;City Government of Davao;False;False;;;
73763;San Carlos City;False;True;;;
842044;Ville de Longueuil, QC;False;True;;;
852468;Leicestershire County Council;False;False;;;
44187;Goyang City;False;True;;;
845304;Santa Ana (Costa Rica);False;True;;;
62407;Blacktown City Council;False;True;;;
862946;Manta;False;True;;;
848125;Oreamuno;False;True;;;
826427;Municipality of Valongo;False;False;;;
826217;Prefeitura de Francisco Morato;False;True;;;
50562;City of Chula Vista, CA;False;True;;;
50374;Alcaldia Distrital de Cartagena de Indias;False;True;;;
848978;Floresta;False;True;;;
60400;Municipalidad de Temuco;False;True;;;
848131;Gámeza;False;True;;;
863224;East Central Florida Regional Planning Council;False;True;;;
62171;Metropolitan Municipality of Rouen;False;False;;;
52894;City of Winston-Salem, NC;False;False;;;
60905;Municipalidad de Maipú;False;True;;;
862520;Surrey County Council;False;False;;;
929742;Prefeitura de Tapauá;False;False;;;
930093;Santander de Quilichao;False;False;;;
929627;Limapuluh Kota Regency;False;False;;;
840018;Municipalidad Distrital de Ate;False;True;;;
69824;Västervik Municipality;False;False;;;
60216;Växjö Municipality;False;True;;;
49339;City and County of Honolulu, HI;False;True;;;
55372;Prefeitura Municipal de Canoas;False;True;;;
73742;City of Catbalogan;False;True;;;
44181;Gwangju Metropolitan City;False;True;;;
832002;Municipalidad de Quepos;False;True;;;
74672;Bursa Nilüfer Municipality;False;True;;;
848950;Ushuaia;False;True;;;
863676;Lujan de Cuyo;False;True;;;
894051;Cipolletti;False;True;;;
839665;Ayuntamiento de Celaya;False;False;;;
860640;Junta Intermunicipal de Medio Ambiente Altos Norte (JIAN);False;False;;;
54488;Trondheim Municipality;False;True;;;
54559;Ugu District Municipality;False;False;;;
863533;San Antonio;False;True;;;
848970;Villa Carlos Paz;False;True;;;
73676;Umhlathuze;False;True;;;
59958;Tweed Shire Council;False;True;;;
43908;City of Milwaukee, WI;False;True;;;
840076;Prefeitura de Apuí;False;False;;;
866598;Chemung County, NY;False;False;;;
60108;Norwich City Council;False;False;;;
863000;Lo Barnechea;False;True;;;
73734;Envigado;False;True;;;
54116;City of Dubuque, IA;False;True;;;
834120;City of Tanjungpinang;False;True;;;
840195;Laholm Municipality;False;False;;;
63762;Metropolitan Washington Council of Governments;False;True;;;
54619;Municipalidad  Provincial de Piura;False;True;;;
60349;Prefeitura de São Leopoldo;False;True;;;
861779;Järfälla Municipality;False;False;;;
831615;Pikine;False;True;;;
74568;City of Shoreline, WA;False;False;;;
13490;Northumberland County Council;False;True;;;
74539;City of Oberlin, OH;False;False;;;
847922;Junta Municipal de Medio Ambiente Lagunas (JIMAL);False;False;;;
849041;Gualeguaychú;False;True;;;
49326;Ville de Quebec, QC;False;False;;;
831926;Ramallah;False;False;;;
73413;Commune de Cocody;False;True;;;
44184;Ulsan Metropolitan City;False;True;;;
73755;Legazpi City;False;True;;;
43938;The Executive Council, Govt of Dubai;True;True;;;
859167;Imabari City;False;False;;;
36039;Accra Metropolitan Assembly;True;True;;;
917936;Somerset Council;False;False;;;
826207;Junta Intermunicipal de Medio Ambiente Region Valles (JIMAV);False;True;;;
60391;Municipalidad de San Borja;False;True;;;
60104;Cambridge City Council;False;False;;;
839980;Municipalidad de Avellaneda;False;True;;;
60231;Municipality of Elva;False;False;;;
68290;Wyndham City Council;False;True;;;
862572;Regional District of Nanaimo, BC;False;False;;;
831616;Commune de Tsévié;False;True;;;
55371;Municipalidad de Vicente López;False;True;;;
854050;City of Nanaimo, BC;False;True;;;
59678;City of Evanston, IL;False;True;;;
60018;City of Zamboanga;False;False;;;
43935;Maputo Metropolitan Area;False;True;;;
826405;Municipality of Maia;False;False;;;
59538;City of Mississauga, ON;False;True;;;
834083;City of Eau Claire, WI;False;True;;;
73701;San Carlos Sud;False;True;;;
848977;Busbanza;False;True;;;
53899;City of Worcester, MA;False;False;;;
930257;Municipalidad de Puyo;False;False;;;
930007;La Esperanza;False;False;;;
859096;Kamakura City;False;True;;;
863180;General Lavalle;False;True;;;
59708;City of Bethlehem, PA;False;True;;;
834313;Municipality of Tópaga;False;True;;;
73687;Sabaneta;False;True;;;
834373;Town of York, ME;False;True;;;
839673;Municipalidad Distrital de Jesús María;False;True;;;
31056;Edinburgh City Council;False;True;;;
54339;Denpasar City Government;False;True;;;
69848;Municipio de Loja;False;True;;;
35905;Corporation of Chennai;True;False;;;
54370;Municipal Council of Penang;False;False;;;
46263;Amdavad Municipal Corporation (Ahmedabad);True;True;;;
54510;Umeå Municipality;False;True;;;
68267;Sutherland Shire Council;False;True;;;
54658;Prefeitura do Município de Piracicaba;False;True;;;
73692;Mount Barker District Council;False;True;;;
60638;Walvis Bay Municipality;False;True;;;
73793;La Estrella;False;True;;;
74531;Santa Fe County, NM;False;False;;;
924935;Municipalidad Distrital de Masisea;False;False;;;
36152;City of Tallinn;False;True;;;
53931;City of Alexandria, VA;False;False;;;
54060;City of Greater Sudbury / Grand Sudbury, ON;False;False;;;
73671;Godoy Cruz;False;True;;;
54306;Medan City Government;False;True;;;
31178;City of Mumbai;True;True;;;
863001;Puerto Varas;False;False;;;
924874;Municipio de San Luis;False;True;;;
1093;City of Atlanta, GA;False;True;2015-01-01 - 2015-12-31;Administrative boundary of a local government;
1184;City of Austin, TX;True;True;2013-01-01 - 2013-12-31;Combination of administrative divisions;
1499;Ajuntament de Barcelona;True;True;2014-01-01 - 2014-01-31;Administrative boundary of a local government;
3203;City of Chicago, IL;True;True;2015-01-01 - 2015-12-31;Administrative boundary of a local government;
3417;New York City, NY;True;True;2015-01-01 - 2015-12-31;Administrative boundary of a local government;
10495;City of Las Vegas, NV;False;True;;A metropolitan area;
10894;City of Los Angeles, CA;True;True;2013-01-01 - 2013-12-31;Administrative boundary of a local government;
13067;City of New Orleans, LA;True;True;2014-01-01 - 2014-12-31;A metropolitan area;
13067;City of New Orleans, LA;True;True;2014-01-01 - 2014-12-31;Administrative boundary of a local government;
14088;Oslo Municipality;True;True;2015-01-01 - 2015-12-01;Administrative boundary of a local government;
16581;City of Seattle, WA;True;True;2014-01-01 - 2014-12-31;Administrative boundary of a local government;
19233;Municipality of Torres Vedras;False;True;2014-01-01 - 2014-12-31;Administrative boundary of a local government;
20113;City of Vancouver, BC;True;True;2015-01-01 - 2015-12-31;Administrative boundary of a local government;
31009;Copenhagen Municipality;True;True;2015-01-01 - 2015-12-31;Administrative boundary of a local government;
31090;District of Columbia, DC;True;True;2015-01-01 - 2015-12-31;Administrative boundary of a local government;
31108;City of Houston, TX;True;True;2014-01-01 - 2014-12-31;Administrative boundary of a local government;
31110;Roma Capitale;True;True;;Administrative boundary of a local government;
31117;City of Toronto, ON;True;True;2014-01-01 - 2014-12-31;Administrative boundary of a local government;
31148;Municipality of Amsterdam;True;True;2015-12-01 - 2016-12-31;Administrative boundary of a local government;
31149;Municipality of Athens;True;True;2015-01-01 - 2015-12-31;Administrative boundary of a local government;
31151;City of Basel;False;True;2016-01-01 - 2016-12-31;A metropolitan area;
31151;City of Basel;False;True;2016-01-01 - 2016-12-31;Administrative boundary of a local government;
31165;City of Heidelberg;True;True;2015-01-01 - 2015-12-31;Administrative boundary of a local government;
31171;Ayuntamiento de Madrid;True;True;2014-01-01 - 2014-12-31;Administrative boundary of a local government;
31173;Comune di Milano;True;True;;Administrative boundary of a local government;
31177;Salt Lake City, UT;False;True;2015-01-01 - 2015-12-31;Administrative boundary of a local government;
31179;Municipality of Rotterdam;True;True;2016-01-01 - 2016-12-31;Other: Geopolitical Boundary - physical areas over which local government has jurisdictional control.;
31181;City of Philadelphia, PA;True;True;2014-01-01 - 2014-12-31;Administrative boundary of a local government;
31182;City of San Francisco, CA;True;True;2015-01-01 - 2015-12-31;Other: Geopolitical Boundary - physical areas over which local government has jurisdictional control;
32550;City of Denver, CO;False;True;2015-01-01 - 2015-12-31;Administrative boundary of a local government;
35268;City of Boston, MA;True;True;2015-01-01 - 2015-12-31;Administrative boundary of a local government;
35449;City of Zürich;False;True;2014-01-01 - 2014-12-31;Administrative boundary of a local government;
35475;City of Calgary, AB;False;True;2016-01-01 - 2016-12-31;Administrative boundary of a local government;
35853;City of Baltimore, MD;False;True;2014-01-01 - 2014-12-31;Administrative boundary of a local government;
35857;City of Cincinnati, OH;False;True;2015-01-01 - 2015-12-31;Administrative boundary of a local government;
35859;City of Cleveland, OH;False;True;2015-01-01 - 2015-12-31;Administrative boundary of a local government;
35860;City of Dallas, TX;False;False;;Administrative boundary of a local government;
35863;eThekwini Municipality;True;True;2015-01-01 - 2015-12-31;Other: geopolitical boundary - physical areas over which local government has jurisdictional control;
35863;eThekwini Municipality;True;True;2015-01-01 - 2015-12-31;Administrative boundary of a local government;
35870;City of Miami, FL;True;False;;;
35874;City of Phoenix, AZ;True;True;2012-01-01 - 2012-12-31;Administrative boundary of a local government;
35877;City of Pittsburgh, PA;False;True;2013-01-01 - 2013-12-31;Administrative boundary of a local government;
35878;City of Sacramento, CA;False;False;;;
35883;City of San José, CA;False;True;;;
35884;City of San Diego, CA;False;True;;0;
35886;Comune di Torino;False;True;2014-01-01 - 2014-12-31;"Other: Our  emission inventory takes in account the City of Turin  and its boundary, following the instruction of the JRC methodology (""How to develope a sustainable energy action plan"") setted up for the Covenant of Mayors initiative.";
35894;Ville de Montreal, QC;True;True;2013-01-01 - 2013-12-31;Other: The regional entity that constitutes the agglomeration of Montreal (it is not the metropolitan area of Montreal whitch is bigger than the agglomeration of Montreal) - see Question 1 in the Introduction for more information;
35894;Ville de Montreal, QC;True;True;2013-01-01 - 2013-12-31;A metropolitan area;
35898;Greater Manchester Combined Authority;False;True;2014-01-01 - 2014-12-31;A metropolitan area;
35995;Distrito Federal (Brasília);False;True;2005-01-01 - 2012-12-31;A metropolitan area;
36254;Comune di Venezia;False;True;2015-01-01 - 2015-12-31;Administrative boundary of a local government;
36262;Comune di Genova;False;True;2005-01-01 - 2011-12-31;Administrative boundary of a local government;
36285;Comune di Firenze;False;True;2014-01-01 - 2014-12-31;Administrative boundary of a local government;
36477;Comune di Lucca;False;True;;;
36494;Comune di Padova;False;True;;;
43905;City of San Antonio, TX;False;True;2013-10-01 - 2014-09-30;Administrative boundary of a local government;
43907;City of Indianapolis, IN;False;True;2013-01-01 - 2013-12-31;Administrative boundary of a local government;
43910;City of Columbus, OH;False;True;2016-01-01 - 2016-12-31;Administrative boundary of a local government;
43911;City of Ottawa, ON;False;True;2012-01-01 - 2012-12-31;Administrative boundary of a local government;
43912;City of Edmonton, AB;False;True;2015-01-01 - 2015-12-31;Administrative boundary of a local government;
43914;City of Charlotte, NC;False;True;;;
43920;City Municipality of Ljubljana;False;True;2014-01-01 - 2014-12-31;Administrative boundary of a local government;
43930;Municipality of The Hague;False;True;;;
43940;City of Malmö;False;True;;;
46473;Municipality of Saragossa (Spain);False;True;2014-01-01 - 2014-12-31;Administrative boundary of a local government;
49335;Metropolitan Government of Nashville and Davidson County, TN;False;True;2014-01-01 - 2014-12-31;Administrative boundary of a local government;
49342;City of Rochester, NY;False;True;2014-01-01 - 2014-12-31;Administrative boundary of a local government;
49360;Pretoria - Tshwane;True;True;2014-07-01 - 2015-06-30;A metropolitan area;
49360;Pretoria - Tshwane;True;True;2014-07-01 - 2015-06-30;Administrative boundary of a local government;
50375;Ayuntamiento de  Chihuahua;False;True;2010-01-01 - 2010-12-31;Administrative boundary of a local government;
50541;City of Greensboro, NC;False;True;2013-01-01 - 2013-12-31;Administrative boundary of a local government;
50543;Halifax Regional Municipality, NS;False;True;;;
50551;City of Long Beach, CA;False;True;;;
50555;City of Hamilton, ON;False;True;2015-01-01 - 2015-12-31;A metropolitan area;
50555;City of Hamilton, ON;False;True;2015-01-01 - 2015-12-31;Administrative boundary of a local government;
50560;City of Oakland, CA;False;True;2015-01-01 - 2015-12-31;Administrative boundary of a local government;
50568;City of Saskatoon, SK;False;True;2014-01-01 - 2014-12-31;Administrative boundary of a local government;
50578;City of Windsor, ON;False;True;2014-01-01 - 2014-12-31;Administrative boundary of a local government;
50673;Municipality of Faro;False;True;2014-01-01 - 2014-12-31;Administrative boundary of a local government;
50680;Municipality of Cascais;False;True;2010-01-01 - 2010-12-31;Administrative boundary of a local government;
50792;City-State of Monaco;False;False;;;
52897;City of Aspen and Pitkin County;False;True;2011-01-14 - 2014-12-31;A metropolitan area;
54048;City of Knoxville, TN;False;True;2015-01-01 - 2015-12-31;Administrative boundary of a local government;
54066;City of Fort Collins, CO;False;True;2016-01-01 - 2016-12-31;Administrative boundary of a local government;
54075;City of Lakewood, CO;False;True;2015-01-01 - 2015-12-31;Administrative boundary of a local government;
54088;City of Peterborough, ON;False;False;;A metropolitan area;
54092;City of Ann Arbor, MI;False;True;2015-01-01 - 2016-01-01;A metropolitan area;
54102;City of Albany, NY;False;True;2010-01-01 - 2010-12-31;Administrative boundary of a local government;
54104;City of Boulder, CO;False;True;2015-01-01 - 2015-12-31;Administrative boundary of a local government;
54110;City of Santa Monica, CA;False;True;2015-01-01 - 2015-12-31;Administrative boundary of a local government;
54111;City of Iowa City, IA;False;True;2015-01-01 - 2015-12-31;Administrative boundary of a local government;
54113;City of Flagstaff, AZ;False;True;2016-01-01 - 2016-12-31;Administrative boundary of a local government;
54119;City of Palo Alto, CA;False;True;2016-01-01 - 2016-12-31;Administrative boundary of a local government;
54128;City of Reno, NV;False;True;2014-01-01 - 2014-12-31;Administrative boundary of a local government;
54395;Taoyuan City Government;False;True;2014-01-01 - 2014-12-31;Administrative boundary of a local government;
54408;Aarhus Municipality;False;True;2008-01-01 - 2016-01-01;Administrative boundary of a local government;
54498;Ayuntamiento de Murcia;False;True;;;
54521;City of Bournemouth;False;True;2013-01-01 - 2013-12-31;Administrative boundary of a local government;
55324;Municipality of Guimarães;False;True;2014-01-01 - 2014-12-31;Administrative boundary of a local government;
55325;Municipality of Águeda;False;True;;0;
55334;Municipality of Braga;False;True;;;
55799;City of Arlington, VA;False;True;2012-01-01 - 2012-12-31;Administrative boundary of a local government;
55800;City of Cambridge, MA;False;True;2012-01-01 - 2012-12-31;A metropolitan area;
55801;City of West Palm Beach, FL;False;True;2013-01-01 - 2013-12-31;Administrative boundary of a local government;
57509;Prefeitura de Niterói;False;True;2015-01-01 - 2015-12-31;Administrative boundary of a local government;
58424;Gdańsk;False;;;;
58485;Abington Township, PA;False;False;2010-01-01 - 2010-12-31;Other: Municipal boundary;
58489;Høje-Taastrup Municipality;False;True;2016-01-01 - 2016-12-31;Administrative boundary of a local government;
58513;City of Medford, MA;False;True;2015-01-01 - 2015-12-31;Administrative boundary of a local government;
58671;Helsingør Municipality;False;True;2015-01-01 - 2015-12-31;Administrative boundary of a local government;
59163;Municipality of Tirana;False;True;2011-01-01 - 2011-12-31;Administrative boundary of a local government;
59180;Middelfart Municipality;False;True;2015-01-01 - 2015-12-31;Administrative boundary of a local government;
59669;City of North Vancouver, BC;False;True;2015-01-01 - 2015-12-31;Administrative boundary of a local government;
60229;Municipality of Arendal;False;True;;;
60433;Hvidovre Municipality;False;True;2014-01-01 - 2014-12-31;Administrative boundary of a local government;
60577;Frederikshavn Municipality;False;True;;;
60588;City of Alba-Iulia;False;True;;;
61753;Yilan County Government;False;;2014-01-01 - 2014-12-31;Administrative boundary of a local government;
63543;Fredensborg Municipality;False;True;;;
64014;City of Cupertino, CA;False;True;2010-01-01 - 2010-12-31;Administrative boundary of a local government;
